/*
Navicat MySQL Data Transfer

Source Server         : 本地数据库
Source Server Version : 50717
Source Host           : localhost:3306
Source Database       : shiro

Target Server Type    : MYSQL
Target Server Version : 50717
File Encoding         : 65001

Date: 2018-12-17 17:47:13
*/

SET FOREIGN_KEY_CHECKS=0;

-- ----------------------------
-- Table structure for db_tableone
-- ----------------------------
DROP TABLE IF EXISTS `db_tableone`;
CREATE TABLE `db_tableone` (
  `id` int(11) NOT NULL AUTO_INCREMENT,
  `card_num` varchar(255) DEFAULT NULL,
  `id_card` varchar(255) DEFAULT NULL,
  `name` varchar(255) DEFAULT NULL,
  `birthday` varchar(255) DEFAULT NULL,
  `address` varchar(255) DEFAULT NULL,
  `sex` varchar(255) DEFAULT NULL,
  `minzu` varchar(255) DEFAULT NULL,
  `rysx` varchar(255) DEFAULT NULL,
  `country` varchar(255) DEFAULT NULL,
  `country_cun` varchar(255) DEFAULT NULL,
  `cbzt` varchar(255) DEFAULT NULL,
  `create_time` datetime DEFAULT NULL ON UPDATE CURRENT_TIMESTAMP,
  PRIMARY KEY (`id`)
) ENGINE=InnoDB AUTO_INCREMENT=37 DEFAULT CHARSET=utf8;

-- ----------------------------
-- Records of db_tableone
-- ----------------------------
INSERT INTO `db_tableone` VALUES ('1', '5066248128', '532128200001067121', '曾英', '2000-1-6', '云南省昭通市镇雄县场坝镇场坝村委会', '女', '彝族', '(返贫)建档立卡', '场坝镇', '昭通市镇雄县场坝镇场坝村', '正常参保', '2018-10-24 18:52:50');
INSERT INTO `db_tableone` VALUES ('2', '5066256773', '530627201207017182', '王玉缘', '2012-7-1', '云南省昭通市镇雄县场坝镇麻园村委会', '女', '汉族', '(返贫)建档立卡', '场坝镇', '昭通市镇雄县场坝镇麻园村', '正常参保', '2018-10-24 18:52:50');
INSERT INTO `db_tableone` VALUES ('3', '5065723451', '53212820071020714X', '杨成荣', '2007-10-20', '镇雄县场坝镇场坝村杨家寨组', '女', '', '(返贫)建档立卡', '场坝镇', '昭通市镇雄县场坝镇场坝村', '正常参保', '2018-10-24 18:52:50');
INSERT INTO `db_tableone` VALUES ('4', '5066226184', '530627201408317114', '郎大旭', '2014-8-31', '云南省昭通市镇雄县场坝镇麻园村委会', '男', '汉族', '(返贫)建档立卡', '场坝镇', '昭通市镇雄县场坝镇麻园村', '正常参保', '2018-10-24 18:52:50');
INSERT INTO `db_tableone` VALUES ('5', '5066226189', '532128198803057144', '赵祖艳', '1988-3-5', '云南省昭通市镇雄县场坝镇麻园村委会', '女', '汉族', '(返贫)建档立卡', '场坝镇', '昭通市镇雄县场坝镇麻园村', '正常参保', '2018-10-24 18:52:50');
INSERT INTO `db_tableone` VALUES ('6', '5066257937', '530627199611107120', '刘世林', '1996-11-10', '云南省昭通市镇雄县场坝镇麻园村委会', '女', '汉族', '(返贫)建档立卡', '场坝镇', '昭通市镇雄县场坝镇麻园村', '正常参保', '2018-10-24 18:52:50');
INSERT INTO `db_tableone` VALUES ('7', '5065723446', '53212819740518715X', '杨世义', '1974-5-18', '镇雄县场坝镇场坝村杨家寨组', '男', '', '(返贫)建档立卡', '场坝镇', '昭通市镇雄县场坝镇场坝村', '正常参保', '2018-10-24 18:52:50');
INSERT INTO `db_tableone` VALUES ('8', '5066238359', '530627200104107148', '罗萍', '2001-4-10', '云南省昭通市镇雄县场坝镇场坝村委会', '女', '汉族', '(返贫)建档立卡', '场坝镇', '昭通市镇雄县场坝镇场坝村', '正常参保', '2018-10-24 18:52:50');
INSERT INTO `db_tableone` VALUES ('9', '5066226190', '530627201109017111', '鲁涛', '2011-9-1', '云南省昭通市镇雄县场坝镇麻园村委会', '男', '汉族', '(返贫)建档立卡', '场坝镇', '昭通市镇雄县场坝镇麻园村', '正常参保', '2018-10-24 18:52:50');
INSERT INTO `db_tableone` VALUES ('10', '5063167641', '53212819340721714X', '彭文芝', '1934-7-21', '镇雄县场坝镇麻园村山背后组', '女', '汉族', '(返贫)建档立卡', '场坝镇', '昭通市镇雄县场坝镇麻园村', '正常参保', '2018-10-24 18:52:50');
INSERT INTO `db_tableone` VALUES ('11', '5066257121', '530627201512097166', '郎舒雅', '2015-12-9', '云南省昭通市镇雄县场坝镇麻园村委会', '女', '汉族', '(返贫)建档立卡', '场坝镇', '昭通市镇雄县场坝镇麻园村', '正常参保', '2018-10-24 18:52:50');
INSERT INTO `db_tableone` VALUES ('12', '5066255032', '532128197904037199', '王定全', '1979-4-3', '云南省昭通市镇雄县场坝镇场坝村委会', '男', '汉族', '(返贫)建档立卡', '场坝镇', '昭通市镇雄县场坝镇场坝村', '正常参保', '2018-10-24 18:52:50');
INSERT INTO `db_tableone` VALUES ('13', '5066222850', '530627200407167148', '申雷', '2004-7-16', '云南省昭通市镇雄县场坝镇场坝村委会', '女', '汉族', '(返贫)建档立卡', '场坝镇', '昭通市镇雄县场坝镇场坝村', '正常参保', '2018-10-24 18:52:50');
INSERT INTO `db_tableone` VALUES ('14', '5063168634', '532128193706287113', '晋方远', '1937-6-28', '镇雄县场坝镇麻园村杨家田坝组', '男', '汉族', '(返贫)建档立卡', '场坝镇', '昭通市镇雄县场坝镇麻园村', '正常参保', '2018-10-24 18:52:50');
INSERT INTO `db_tableone` VALUES ('15', '卡号', '身份证号', '姓名', '出生日期', '地址', '性别', '民族', '人员属性', '乡镇', '村委会', '参保状态', '2018-10-24 18:52:50');
INSERT INTO `db_tableone` VALUES ('16', '5066228660', '530627201207117175', '李浪', '2012-7-11', '云南省昭通市镇雄县场坝镇麻园村委会', '男', '汉族', '(返贫)建档立卡', '场坝镇', '昭通市镇雄县场坝镇麻园村', '正常参保', '2018-10-24 18:52:50');
INSERT INTO `db_tableone` VALUES ('17', '5066241255', '532128199803257116', '曾帅', '1998-3-25', '云南省昭通市镇雄县场坝镇场坝村委会', '男', '彝族', '(返贫)建档立卡', '场坝镇', '昭通市镇雄县场坝镇场坝村', '正常参保', '2018-10-24 18:52:50');
INSERT INTO `db_tableone` VALUES ('18', '5066240244', '530627200108107129', '王春林', '2001-8-10', '云南省昭通市镇雄县场坝镇场坝村委会', '女', '汉族', '(返贫)建档立卡', '场坝镇', '昭通市镇雄县场坝镇场坝村', '正常参保', '2018-10-24 18:52:50');
INSERT INTO `db_tableone` VALUES ('19', '5063155491', '53212819990724714X', '刘世树', '1999-7-24', '镇雄县场坝镇麻园村发地坪子组', '女', '99', '(返贫)建档立卡', '场坝镇', '昭通市镇雄县场坝镇麻园村', '正常参保', '2018-10-24 18:52:50');
INSERT INTO `db_tableone` VALUES ('20', '5066238201', '532128199210247123', '鲁保会', '1992-10-24', '云南省昭通市镇雄县场坝镇麻园村委会', '女', '汉族', '(返贫)建档立卡', '场坝镇', '昭通市镇雄县场坝镇麻园村', '正常参保', '2018-10-24 18:52:50');
INSERT INTO `db_tableone` VALUES ('21', '5063165678', '530627199402157113', '付茂王', '1994-6-15', '镇雄县场坝镇麻园村挖噜槽组', '男', '99', '(返贫)建档立卡', '场坝镇', '昭通市镇雄县场坝镇麻园村', '正常参保', '2018-10-24 18:52:50');
INSERT INTO `db_tableone` VALUES ('22', '5066260013', '532128200404017110', '鲁保勇', '2004-4-1', '云南省昭通市镇雄县场坝镇麻园村委会', '男', '汉族', '(返贫)建档立卡', '场坝镇', '昭通市镇雄县场坝镇麻园村', '正常参保', '2018-10-24 18:52:50');
INSERT INTO `db_tableone` VALUES ('23', '5066229361', '532128197902247176', '刘松乾', '1979-2-24', '云南省昭通市镇雄县场坝镇麻园村委会', '男', '汉族', '(返贫)建档立卡', '场坝镇', '昭通市镇雄县场坝镇麻园村', '正常参保', '2018-10-24 18:52:50');
INSERT INTO `db_tableone` VALUES ('24', '5066221556', '532128197010137115', '李华兴', '1970-10-13', '云南省昭通市镇雄县场坝镇摩多村委会', '男', '汉族', '(返贫)建档立卡', '场坝镇', '昭通市镇雄县场坝镇摩多村', '正常参保', '2018-10-24 18:52:50');
INSERT INTO `db_tableone` VALUES ('25', '5063052447', '532128195602247124', '陈文妃', '1956-2-24', '镇雄县场坝镇摩多村窦家地组', '女', '汉族', '(返贫)建档立卡', '场坝镇', '昭通市镇雄县场坝镇摩多村', '正常参保', '2018-10-24 18:52:50');
INSERT INTO `db_tableone` VALUES ('26', '5066216546', '53212819731112713X', '邓成伦', '1973-11-12', '云南省昭通市镇雄县场坝镇摩多村委会', '男', '汉族', '(返贫)建档立卡', '场坝镇', '昭通市镇雄县场坝镇摩多村', '正常参保', '2018-10-24 18:52:50');
INSERT INTO `db_tableone` VALUES ('27', '5066247961', '532128198901107133', '兰德超', '1989-1-10', '云南省昭通市镇雄县场坝镇摩多村委会', '男', '汉族', '(返贫)建档立卡', '场坝镇', '昭通市镇雄县场坝镇摩多村', '正常参保', '2018-10-24 18:52:50');
INSERT INTO `db_tableone` VALUES ('28', '5066225662', '530627200403117127', '兰正综', '2004-3-11', '云南省昭通市镇雄县场坝镇摩多村委会', '女', '汉族', '(返贫)建档立卡', '场坝镇', '昭通市镇雄县场坝镇摩多村', '正常参保', '2018-10-24 18:52:50');
INSERT INTO `db_tableone` VALUES ('29', '5066222849', '532128197510067168', '吴学会', '1975-10-6', '云南省昭通市镇雄县场坝镇锅厂村委会', '女', '汉族', '(返贫)建档立卡', '场坝镇', '昭通市镇雄县场坝镇锅厂村', '正常参保', '2018-10-24 18:52:50');
INSERT INTO `db_tableone` VALUES ('30', '5066252366', '532128197110147134', '成鹏', '1971-10-14', '云南省昭通市镇雄县场坝镇锅厂村委会', '男', '汉族', '(返贫)建档立卡', '场坝镇', '昭通市镇雄县场坝镇锅厂村', '正常参保', '2018-10-24 18:52:50');
INSERT INTO `db_tableone` VALUES ('31', '5066253657', '532128200002167116', '成伟', '2000-2-16', '云南省昭通市镇雄县场坝镇锅厂村委会', '男', '汉族', '(返贫)建档立卡', '场坝镇', '昭通市镇雄县场坝镇锅厂村', '正常参保', '2018-10-24 18:52:50');
INSERT INTO `db_tableone` VALUES ('32', '5065600419', '532128199709253944', '付丛', '2013-3-31', '镇雄县场坝镇锅厂村元窝凼组', '女', '', '(返贫)建档立卡', '场坝镇', '昭通市镇雄县场坝镇锅厂村', '正常参保', '2018-10-24 18:52:50');
INSERT INTO `db_tableone` VALUES ('33', '5063205326', '532128199606077167', '吉爽', '1996-6-7', '镇雄县场坝镇锅厂村锅厂组', '女', '99', '(返贫)建档立卡', '场坝镇', '昭通市镇雄县场坝镇锅厂村', '正常参保', '2018-10-24 18:52:50');
INSERT INTO `db_tableone` VALUES ('34', '5066247302', '532128196501017148', '陈明贵', '1965-1-1', '云南省昭通市镇雄县场坝镇锅厂村委会', '女', '汉族', '(返贫)建档立卡', '场坝镇', '昭通市镇雄县场坝镇锅厂村', '正常参保', '2018-10-24 18:52:50');
INSERT INTO `db_tableone` VALUES ('35', '5065749037', '530627200406237140', '吴春艳', '2004-6-23', '镇雄县场坝镇锅厂村香椿林组', '女', '汉族', '(返贫)建档立卡', '场坝镇', '昭通市镇雄县场坝镇锅厂村', '正常参保', '2018-10-24 18:52:50');
INSERT INTO `db_tableone` VALUES ('36', '5066221958', '532128199409177126', '王敏', '1994-9-17', '云南省昭通市镇雄县场坝镇锅厂村委会', '女', '苗族', '(返贫)建档立卡', '场坝镇', '昭通市镇雄县场坝镇锅厂村', '正常参保', '2018-10-24 18:52:50');

-- ----------------------------
-- Table structure for db_test_one_a
-- ----------------------------
DROP TABLE IF EXISTS `db_test_one_a`;
CREATE TABLE `db_test_one_a` (
  `id` int(11) NOT NULL AUTO_INCREMENT,
  `col0` varchar(255) NOT NULL DEFAULT '',
  `col1` varchar(255) NOT NULL DEFAULT '',
  `col2` varchar(255) NOT NULL DEFAULT '',
  `col3` varchar(255) NOT NULL DEFAULT '',
  `col4` varchar(255) NOT NULL DEFAULT '',
  `col5` varchar(255) NOT NULL DEFAULT '',
  `col6` varchar(255) NOT NULL DEFAULT '',
  `col7` varchar(255) NOT NULL DEFAULT '',
  `col8` varchar(255) NOT NULL DEFAULT '',
  `col9` varchar(255) NOT NULL DEFAULT '',
  `col10` varchar(255) NOT NULL DEFAULT '',
  `col11` varchar(255) NOT NULL DEFAULT '',
  `col12` varchar(255) NOT NULL DEFAULT '',
  `col13` varchar(255) NOT NULL DEFAULT '',
  `col14` varchar(255) NOT NULL DEFAULT '',
  `col15` varchar(255) NOT NULL DEFAULT '',
  `col16` varchar(255) NOT NULL DEFAULT '',
  `col17` varchar(255) NOT NULL DEFAULT '',
  `col18` varchar(255) NOT NULL DEFAULT '',
  `col19` varchar(255) NOT NULL DEFAULT '',
  `col20` varchar(255) NOT NULL DEFAULT '',
  `col21` varchar(255) NOT NULL DEFAULT '',
  `col22` varchar(255) NOT NULL DEFAULT '',
  `col23` varchar(255) NOT NULL DEFAULT '',
  `col24` varchar(255) NOT NULL DEFAULT '',
  `col25` varchar(255) NOT NULL DEFAULT '',
  `col26` varchar(255) NOT NULL DEFAULT '',
  `col27` varchar(255) NOT NULL DEFAULT '',
  `col28` varchar(255) NOT NULL DEFAULT '',
  `col29` varchar(255) NOT NULL DEFAULT '',
  PRIMARY KEY (`id`)
) ENGINE=InnoDB AUTO_INCREMENT=286 DEFAULT CHARSET=utf8;

-- ----------------------------
-- Records of db_test_one_a
-- ----------------------------
INSERT INTO `db_test_one_a` VALUES ('1', '5065723451', '53212820071020714X', '杨成荣', '2007-10-20', '镇雄县场坝镇场坝村杨家寨组', '女', '', '(返贫)建档立卡', '场坝镇', '昭通市镇雄县场坝镇场坝村', '正常参保', '', '', '', '', '', '', '', '', '', '', '', '', '', '', '', '', '', '', '');
INSERT INTO `db_test_one_a` VALUES ('2', '5065723446', '53212819740518715X', '杨世义', '1974-5-18', '镇雄县场坝镇场坝村杨家寨组', '男', '', '(返贫)建档立卡', '场坝镇', '昭通市镇雄县场坝镇场坝村', '正常参保', '', '', '', '', '', '', '', '', '', '', '', '', '', '', '', '', '', '', '');
INSERT INTO `db_test_one_a` VALUES ('3', '5066240244', '530627200108107129', '王春林', '2001-8-10', '云南省昭通市镇雄县场坝镇场坝村委会', '女', '汉族', '(返贫)建档立卡', '场坝镇', '昭通市镇雄县场坝镇场坝村', '正常参保', '', '', '', '', '', '', '', '', '', '', '', '', '', '', '', '', '', '', '');
INSERT INTO `db_test_one_a` VALUES ('4', '5063155491', '53212819990724714X', '刘世树', '1999-7-24', '镇雄县场坝镇麻园村发地坪子组', '女', '99', '(返贫)建档立卡', '场坝镇', '昭通市镇雄县场坝镇麻园村', '正常参保', '', '', '', '', '', '', '', '', '', '', '', '', '', '', '', '', '', '', '');
INSERT INTO `db_test_one_a` VALUES ('5', '5066257937', '530627199611107120', '刘世林', '1996-11-10', '云南省昭通市镇雄县场坝镇麻园村委会', '女', '汉族', '(返贫)建档立卡', '场坝镇', '昭通市镇雄县场坝镇麻园村', '正常参保', '', '', '', '', '', '', '', '', '', '', '', '', '', '', '', '', '', '', '');
INSERT INTO `db_test_one_a` VALUES ('6', '5066228660', '530627201207117175', '李浪', '2012-7-11', '云南省昭通市镇雄县场坝镇麻园村委会', '男', '汉族', '(返贫)建档立卡', '场坝镇', '昭通市镇雄县场坝镇麻园村', '正常参保', '', '', '', '', '', '', '', '', '', '', '', '', '', '', '', '', '', '', '');
INSERT INTO `db_test_one_a` VALUES ('7', '5066222849', '532128197510067168', '吴学会', '1975-10-6', '云南省昭通市镇雄县场坝镇锅厂村委会', '女', '汉族', '(返贫)建档立卡', '场坝镇', '昭通市镇雄县场坝镇锅厂村', '正常参保', '', '', '', '', '', '', '', '', '', '', '', '', '', '', '', '', '', '', '');
INSERT INTO `db_test_one_a` VALUES ('8', '5066252366', '532128197110147134', '成鹏', '1971-10-14', '云南省昭通市镇雄县场坝镇锅厂村委会', '男', '汉族', '(返贫)建档立卡', '场坝镇', '昭通市镇雄县场坝镇锅厂村', '正常参保', '', '', '', '', '', '', '', '', '', '', '', '', '', '', '', '', '', '', '');
INSERT INTO `db_test_one_a` VALUES ('9', '5066253657', '532128200002167116', '成伟', '2000-2-16', '云南省昭通市镇雄县场坝镇锅厂村委会', '男', '汉族', '(返贫)建档立卡', '场坝镇', '昭通市镇雄县场坝镇锅厂村', '正常参保', '', '', '', '', '', '', '', '', '', '', '', '', '', '', '', '', '', '', '');
INSERT INTO `db_test_one_a` VALUES ('10', '5065600419', '532128199709253944', '付丛', '2013-3-31', '镇雄县场坝镇锅厂村元窝凼组', '女', '', '(返贫)建档立卡', '场坝镇', '昭通市镇雄县场坝镇锅厂村', '正常参保', '', '', '', '', '', '', '', '', '', '', '', '', '', '', '', '', '', '', '');
INSERT INTO `db_test_one_a` VALUES ('11', '5063205326', '532128199606077167', '吉爽', '1996-6-7', '镇雄县场坝镇锅厂村锅厂组', '女', '99', '(返贫)建档立卡', '场坝镇', '昭通市镇雄县场坝镇锅厂村', '正常参保', '', '', '', '', '', '', '', '', '', '', '', '', '', '', '', '', '', '', '');
INSERT INTO `db_test_one_a` VALUES ('12', '5066247302', '532128196501017148', '陈明贵', '1965-1-1', '云南省昭通市镇雄县场坝镇锅厂村委会', '女', '汉族', '(返贫)建档立卡', '场坝镇', '昭通市镇雄县场坝镇锅厂村', '正常参保', '', '', '', '', '', '', '', '', '', '', '', '', '', '', '', '', '', '', '');
INSERT INTO `db_test_one_a` VALUES ('13', '5065749037', '530627200406237140', '吴春艳', '2004-6-23', '镇雄县场坝镇锅厂村香椿林组', '女', '汉族', '(返贫)建档立卡', '场坝镇', '昭通市镇雄县场坝镇锅厂村', '正常参保', '', '', '', '', '', '', '', '', '', '', '', '', '', '', '', '', '', '', '');
INSERT INTO `db_test_one_a` VALUES ('14', '5066221958', '532128199409177126', '王敏', '1994-9-17', '云南省昭通市镇雄县场坝镇锅厂村委会', '女', '苗族', '(返贫)建档立卡', '场坝镇', '昭通市镇雄县场坝镇锅厂村', '正常参保', '', '', '', '', '', '', '', '', '', '', '', '', '', '', '', '', '', '', '');
INSERT INTO `db_test_one_a` VALUES ('15', '5066216546', '53212819731112713X', '邓成伦', '1973-11-12', '云南省昭通市镇雄县场坝镇摩多村委会', '男', '汉族', '(返贫)建档立卡', '场坝镇', '昭通市镇雄县场坝镇摩多村', '正常参保', '', '', '', '', '', '', '', '', '', '', '', '', '', '', '', '', '', '', '');
INSERT INTO `db_test_one_a` VALUES ('16', '5066247961', '532128198901107133', '兰德超', '1989-1-10', '云南省昭通市镇雄县场坝镇摩多村委会', '男', '汉族', '(返贫)建档立卡', '场坝镇', '昭通市镇雄县场坝镇摩多村', '正常参保', '', '', '', '', '', '', '', '', '', '', '', '', '', '', '', '', '', '', '');
INSERT INTO `db_test_one_a` VALUES ('17', '5066225662', '530627200403117127', '兰正综', '2004-3-11', '云南省昭通市镇雄县场坝镇摩多村委会', '女', '汉族', '(返贫)建档立卡', '场坝镇', '昭通市镇雄县场坝镇摩多村', '正常参保', '', '', '', '', '', '', '', '', '', '', '', '', '', '', '', '', '', '', '');
INSERT INTO `db_test_one_a` VALUES ('18', '5066226189', '532128198803057144', '赵祖艳', '1988-3-5', '云南省昭通市镇雄县场坝镇麻园村委会', '女', '汉族', '(返贫)建档立卡', '场坝镇', '昭通市镇雄县场坝镇麻园村', '正常参保', '', '', '', '', '', '', '', '', '', '', '', '', '', '', '', '', '', '', '');
INSERT INTO `db_test_one_a` VALUES ('19', '5066226190', '530627201109017111', '鲁涛', '2011-9-1', '云南省昭通市镇雄县场坝镇麻园村委会', '男', '汉族', '(返贫)建档立卡', '场坝镇', '昭通市镇雄县场坝镇麻园村', '正常参保', '', '', '', '', '', '', '', '', '', '', '', '', '', '', '', '', '', '', '');
INSERT INTO `db_test_one_a` VALUES ('20', '5063168634', '532128193706287113', '晋方远', '1937-6-28', '镇雄县场坝镇麻园村杨家田坝组', '男', '汉族', '(返贫)建档立卡', '场坝镇', '昭通市镇雄县场坝镇麻园村', '正常参保', '', '', '', '', '', '', '', '', '', '', '', '', '', '', '', '', '', '', '');
INSERT INTO `db_test_one_a` VALUES ('21', '5066238201', '532128199210247123', '鲁保会', '1992-10-24', '云南省昭通市镇雄县场坝镇麻园村委会', '女', '汉族', '(返贫)建档立卡', '场坝镇', '昭通市镇雄县场坝镇麻园村', '正常参保', '', '', '', '', '', '', '', '', '', '', '', '', '', '', '', '', '', '', '');
INSERT INTO `db_test_one_a` VALUES ('22', '5063165678', '530627199402157113', '付茂王', '1994-6-15', '镇雄县场坝镇麻园村挖噜槽组', '男', '99', '(返贫)建档立卡', '场坝镇', '昭通市镇雄县场坝镇麻园村', '正常参保', '', '', '', '', '', '', '', '', '', '', '', '', '', '', '', '', '', '', '');
INSERT INTO `db_test_one_a` VALUES ('23', '5066260013', '532128200404017110', '鲁保勇', '2004-4-1', '云南省昭通市镇雄县场坝镇麻园村委会', '男', '汉族', '(返贫)建档立卡', '场坝镇', '昭通市镇雄县场坝镇麻园村', '正常参保', '', '', '', '', '', '', '', '', '', '', '', '', '', '', '', '', '', '', '');
INSERT INTO `db_test_one_a` VALUES ('24', '5066241255', '532128199803257111', '曾帅-不在二表', '1998-3-25', '云南省昭通市镇雄县场坝镇场坝村委会', '男', '彝族', '(返贫)建档立卡', '场坝镇', '昭通市镇雄县场坝镇场坝村', '正常参保', '', '', '', '', '', '', '', '', '', '', '', '', '', '', '', '', '', '', '');
INSERT INTO `db_test_one_a` VALUES ('25', '5066248128', '532128200001067121', '曾英', '2000-1-6', '云南省昭通市镇雄县场坝镇场坝村委会', '女', '彝族', '(返贫)建档立卡', '场坝镇', '昭通市镇雄县场坝镇场坝村', '正常参保', '', '', '', '', '', '', '', '', '', '', '', '', '', '', '', '', '', '', '');
INSERT INTO `db_test_one_a` VALUES ('26', '5066222850', '530627200407167148', '申雷', '2004-7-16', '云南省昭通市镇雄县场坝镇场坝村委会', '女', '汉族', '(返贫)建档立卡', '场坝镇', '昭通市镇雄县场坝镇场坝村', '正常参保', '', '', '', '', '', '', '', '', '', '', '', '', '', '', '', '', '', '', '');
INSERT INTO `db_test_one_a` VALUES ('27', '5066229361', '532128197902247176', '刘松乾', '1979-2-24', '云南省昭通市镇雄县场坝镇麻园村委会', '男', '汉族', '(返贫)建档立卡', '场坝镇', '昭通市镇雄县场坝镇麻园村', '正常参保', '', '', '', '', '', '', '', '', '', '', '', '', '', '', '', '', '', '', '');
INSERT INTO `db_test_one_a` VALUES ('28', '5066221556', '532128197010137115', '李华兴', '1970-10-13', '云南省昭通市镇雄县场坝镇摩多村委会', '男', '汉族', '(返贫)建档立卡', '场坝镇', '昭通市镇雄县场坝镇摩多村', '正常参保', '', '', '', '', '', '', '', '', '', '', '', '', '', '', '', '', '', '', '');
INSERT INTO `db_test_one_a` VALUES ('29', '5063052447', '532128195602247124', '陈文妃', '1956-2-24', '镇雄县场坝镇摩多村窦家地组', '女', '汉族', '(返贫)建档立卡', '场坝镇', '昭通市镇雄县场坝镇摩多村', '正常参保', '', '', '', '', '', '', '', '', '', '', '', '', '', '', '', '', '', '', '');
INSERT INTO `db_test_one_a` VALUES ('30', '5063167641', '53212819340721714X', '彭文芝', '1934-7-21', '镇雄县场坝镇麻园村山背后组', '女', '汉族', '(返贫)建档立卡', '场坝镇', '昭通市镇雄县场坝镇麻园村', '正常参保', '', '', '', '', '', '', '', '', '', '', '', '', '', '', '', '', '', '', '');
INSERT INTO `db_test_one_a` VALUES ('31', '5066226184', '530627201408317114', '郎大旭', '2014-8-31', '云南省昭通市镇雄县场坝镇麻园村委会', '男', '汉族', '(返贫)建档立卡', '场坝镇', '昭通市镇雄县场坝镇麻园村', '正常参保', '', '', '', '', '', '', '', '', '', '', '', '', '', '', '', '', '', '', '');
INSERT INTO `db_test_one_a` VALUES ('32', '5066257121', '530627201512097166', '郎舒雅', '2015-12-9', '云南省昭通市镇雄县场坝镇麻园村委会', '女', '汉族', '(返贫)建档立卡', '场坝镇', '昭通市镇雄县场坝镇麻园村', '正常参保', '', '', '', '', '', '', '', '', '', '', '', '', '', '', '', '', '', '', '');
INSERT INTO `db_test_one_a` VALUES ('33', '5066255032', '532128197904037199', '王定全', '1979-4-3', '云南省昭通市镇雄县场坝镇场坝村委会', '男', '汉族', '(返贫)建档立卡', '场坝镇', '昭通市镇雄县场坝镇场坝村', '正常参保', '', '', '', '', '', '', '', '', '', '', '', '', '', '', '', '', '', '', '');
INSERT INTO `db_test_one_a` VALUES ('34', '5066238359', '530627200104107148', '罗萍', '2001-4-10', '云南省昭通市镇雄县场坝镇场坝村委会', '女', '汉族', '(返贫)建档立卡', '场坝镇', '昭通市镇雄县场坝镇场坝村', '正常参保', '', '', '', '', '', '', '', '', '', '', '', '', '', '', '', '', '', '', '');
INSERT INTO `db_test_one_a` VALUES ('35', '5066256773', '530627201207017182', '王玉缘', '2012-7-1', '云南省昭通市镇雄县场坝镇麻园村委会', '女', '汉族', '(返贫)建档立卡', '场坝镇', '昭通市镇雄县场坝镇麻园村', '正常参保', '', '', '', '', '', '', '', '', '', '', '', '', '', '', '', '', '', '', '');
INSERT INTO `db_test_one_a` VALUES ('36', '5066222850', '530627200407167148', '申雷', '2004-7-16', '云南省昭通市镇雄县场坝镇场坝村委会', '女', '汉族', '(返贫)建档立卡', '场坝镇', '昭通市镇雄县场坝镇场坝村', '正常参保', '', '', '', '', '', '', '', '', '', '', '', '', '', '', '', '', '', '', '');
INSERT INTO `db_test_one_a` VALUES ('37', '5065723451', '53212820071020714X', '杨成荣', '2007-10-20', '镇雄县场坝镇场坝村杨家寨组', '女', '', '(返贫)建档立卡', '场坝镇', '昭通市镇雄县场坝镇场坝村', '正常参保', '', '', '', '', '', '', '', '', '', '', '', '', '', '', '', '', '', '', '');
INSERT INTO `db_test_one_a` VALUES ('38', '5066256773', '530627201207017182', '王玉缘', '2012-7-1', '云南省昭通市镇雄县场坝镇麻园村委会', '女', '汉族', '(返贫)建档立卡', '场坝镇', '昭通市镇雄县场坝镇麻园村', '正常参保', '', '', '', '', '', '', '', '', '', '', '', '', '', '', '', '', '', '', '');
INSERT INTO `db_test_one_a` VALUES ('39', '5063155491', '53212819990724714X', '刘世树', '1999-7-24', '镇雄县场坝镇麻园村发地坪子组', '女', '99', '(返贫)建档立卡', '场坝镇', '昭通市镇雄县场坝镇麻园村', '正常参保', '', '', '', '', '', '', '', '', '', '', '', '', '', '', '', '', '', '', '');
INSERT INTO `db_test_one_a` VALUES ('40', '5065723446', '53212819740518715X', '杨世义', '1974-5-18', '镇雄县场坝镇场坝村杨家寨组', '男', '', '(返贫)建档立卡', '场坝镇', '昭通市镇雄县场坝镇场坝村', '正常参保', '', '', '', '', '', '', '', '', '', '', '', '', '', '', '', '', '', '', '');
INSERT INTO `db_test_one_a` VALUES ('41', '5066240244', '530627200108107129', '王春林', '2001-8-10', '云南省昭通市镇雄县场坝镇场坝村委会', '女', '汉族', '(返贫)建档立卡', '场坝镇', '昭通市镇雄县场坝镇场坝村', '正常参保', '', '', '', '', '', '', '', '', '', '', '', '', '', '', '', '', '', '', '');
INSERT INTO `db_test_one_a` VALUES ('42', '5066257937', '530627199611107120', '刘世林', '1996-11-10', '云南省昭通市镇雄县场坝镇麻园村委会', '女', '汉族', '(返贫)建档立卡', '场坝镇', '昭通市镇雄县场坝镇麻园村', '正常参保', '', '', '', '', '', '', '', '', '', '', '', '', '', '', '', '', '', '', '');
INSERT INTO `db_test_one_a` VALUES ('43', '5066228660', '530627201207117175', '李浪', '2012-7-11', '云南省昭通市镇雄县场坝镇麻园村委会', '男', '汉族', '(返贫)建档立卡', '场坝镇', '昭通市镇雄县场坝镇麻园村', '正常参保', '', '', '', '', '', '', '', '', '', '', '', '', '', '', '', '', '', '', '');
INSERT INTO `db_test_one_a` VALUES ('44', '5063168634', '532128193706287113', '晋方远', '1937-6-28', '镇雄县场坝镇麻园村杨家田坝组', '男', '汉族', '(返贫)建档立卡', '场坝镇', '昭通市镇雄县场坝镇麻园村', '正常参保', '', '', '', '', '', '', '', '', '', '', '', '', '', '', '', '', '', '', '');
INSERT INTO `db_test_one_a` VALUES ('45', '5063167641', '53212819340721714X', '彭文芝', '1934-7-21', '镇雄县场坝镇麻园村山背后组', '女', '汉族', '(返贫)建档立卡', '场坝镇', '昭通市镇雄县场坝镇麻园村', '正常参保', '', '', '', '', '', '', '', '', '', '', '', '', '', '', '', '', '', '', '');
INSERT INTO `db_test_one_a` VALUES ('46', '5066241255', '532128199803257116', '曾帅', '1998-3-25', '云南省昭通市镇雄县场坝镇场坝村委会', '男', '彝族', '(返贫)建档立卡', '场坝镇', '昭通市镇雄县场坝镇场坝村', '正常参保', '', '', '', '', '', '', '', '', '', '', '', '', '', '', '', '', '', '', '');
INSERT INTO `db_test_one_a` VALUES ('47', '5066248128', '532128200001067121', '曾英', '2000-1-6', '云南省昭通市镇雄县场坝镇场坝村委会', '女', '彝族', '(返贫)建档立卡', '场坝镇', '昭通市镇雄县场坝镇场坝村', '正常参保', '', '', '', '', '', '', '', '', '', '', '', '', '', '', '', '', '', '', '');
INSERT INTO `db_test_one_a` VALUES ('48', '5066255032', '532128197904037199', '王定全', '1979-4-3', '云南省昭通市镇雄县场坝镇场坝村委会', '男', '汉族', '(返贫)建档立卡', '场坝镇', '昭通市镇雄县场坝镇场坝村', '正常参保', '', '', '', '', '', '', '', '', '', '', '', '', '', '', '', '', '', '', '');
INSERT INTO `db_test_one_a` VALUES ('49', '5066238359', '530627200104107148', '罗萍', '2001-4-10', '云南省昭通市镇雄县场坝镇场坝村委会', '女', '汉族', '(返贫)建档立卡', '场坝镇', '昭通市镇雄县场坝镇场坝村', '正常参保', '', '', '', '', '', '', '', '', '', '', '', '', '', '', '', '', '', '', '');
INSERT INTO `db_test_one_a` VALUES ('50', '5066238201', '532128199210247123', '鲁保会', '1992-10-24', '云南省昭通市镇雄县场坝镇麻园村委会', '女', '汉族', '(返贫)建档立卡', '场坝镇', '昭通市镇雄县场坝镇麻园村', '正常参保', '', '', '', '', '', '', '', '', '', '', '', '', '', '', '', '', '', '', '');
INSERT INTO `db_test_one_a` VALUES ('51', '5063165678', '530627199402157113', '付茂王', '1994-6-15', '镇雄县场坝镇麻园村挖噜槽组', '男', '99', '(返贫)建档立卡', '场坝镇', '昭通市镇雄县场坝镇麻园村', '正常参保', '', '', '', '', '', '', '', '', '', '', '', '', '', '', '', '', '', '', '');
INSERT INTO `db_test_one_a` VALUES ('52', '5066260013', '532128200404017110', '鲁保勇', '2004-4-1', '云南省昭通市镇雄县场坝镇麻园村委会', '男', '汉族', '(返贫)建档立卡', '场坝镇', '昭通市镇雄县场坝镇麻园村', '正常参保', '', '', '', '', '', '', '', '', '', '', '', '', '', '', '', '', '', '', '');
INSERT INTO `db_test_one_a` VALUES ('53', '5066229361', '532128197902247176', '刘松乾', '1979-2-24', '云南省昭通市镇雄县场坝镇麻园村委会', '男', '汉族', '(返贫)建档立卡', '场坝镇', '昭通市镇雄县场坝镇麻园村', '正常参保', '', '', '', '', '', '', '', '', '', '', '', '', '', '', '', '', '', '', '');
INSERT INTO `db_test_one_a` VALUES ('54', '5066221556', '532128197010137115', '李华兴', '1970-10-13', '云南省昭通市镇雄县场坝镇摩多村委会', '男', '汉族', '(返贫)建档立卡', '场坝镇', '昭通市镇雄县场坝镇摩多村', '正常参保', '', '', '', '', '', '', '', '', '', '', '', '', '', '', '', '', '', '', '');
INSERT INTO `db_test_one_a` VALUES ('55', '5063052447', '532128195602247124', '陈文妃', '1956-2-24', '镇雄县场坝镇摩多村窦家地组', '女', '汉族', '(返贫)建档立卡', '场坝镇', '昭通市镇雄县场坝镇摩多村', '正常参保', '', '', '', '', '', '', '', '', '', '', '', '', '', '', '', '', '', '', '');
INSERT INTO `db_test_one_a` VALUES ('56', '5066216546', '53212819731112713X', '邓成伦', '1973-11-12', '云南省昭通市镇雄县场坝镇摩多村委会', '男', '汉族', '(返贫)建档立卡', '场坝镇', '昭通市镇雄县场坝镇摩多村', '正常参保', '', '', '', '', '', '', '', '', '', '', '', '', '', '', '', '', '', '', '');
INSERT INTO `db_test_one_a` VALUES ('57', '5066226189', '532128198803057144', '赵祖艳', '1988-3-5', '云南省昭通市镇雄县场坝镇麻园村委会', '女', '汉族', '(返贫)建档立卡', '场坝镇', '昭通市镇雄县场坝镇麻园村', '正常参保', '', '', '', '', '', '', '', '', '', '', '', '', '', '', '', '', '', '', '');
INSERT INTO `db_test_one_a` VALUES ('58', '5066226190', '530627201109017111', '鲁涛', '2011-9-1', '云南省昭通市镇雄县场坝镇麻园村委会', '男', '汉族', '(返贫)建档立卡', '场坝镇', '昭通市镇雄县场坝镇麻园村', '正常参保', '', '', '', '', '', '', '', '', '', '', '', '', '', '', '', '', '', '', '');
INSERT INTO `db_test_one_a` VALUES ('59', '5066226184', '530627201408317114', '郎大旭', '2014-8-31', '云南省昭通市镇雄县场坝镇麻园村委会', '男', '汉族', '(返贫)建档立卡', '场坝镇', '昭通市镇雄县场坝镇麻园村', '正常参保', '', '', '', '', '', '', '', '', '', '', '', '', '', '', '', '', '', '', '');
INSERT INTO `db_test_one_a` VALUES ('60', '5066257121', '530627201512097166', '郎舒雅', '2015-12-9', '云南省昭通市镇雄县场坝镇麻园村委会', '女', '汉族', '(返贫)建档立卡', '场坝镇', '昭通市镇雄县场坝镇麻园村', '正常参保', '', '', '', '', '', '', '', '', '', '', '', '', '', '', '', '', '', '', '');
INSERT INTO `db_test_one_a` VALUES ('61', '5066226184', '530627201408317114', '郎大旭', '2014-8-31', '云南省昭通市镇雄县场坝镇麻园村委会', '男', '汉族', '(返贫)建档立卡', '场坝镇', '昭通市镇雄县场坝镇麻园村', '正常参保', '', '', '', '', '', '', '', '', '', '', '', '', '', '', '', '', '', '', '');
INSERT INTO `db_test_one_a` VALUES ('62', '5066257121', '530627201512097166', '郎舒雅', '2015-12-9', '云南省昭通市镇雄县场坝镇麻园村委会', '女', '汉族', '(返贫)建档立卡', '场坝镇', '昭通市镇雄县场坝镇麻园村', '正常参保', '', '', '', '', '', '', '', '', '', '', '', '', '', '', '', '', '', '', '');
INSERT INTO `db_test_one_a` VALUES ('63', '5066238201', '532128199210247123', '鲁保会', '1992-10-24', '云南省昭通市镇雄县场坝镇麻园村委会', '女', '汉族', '(返贫)建档立卡', '场坝镇', '昭通市镇雄县场坝镇麻园村', '正常参保', '', '', '', '', '', '', '', '', '', '', '', '', '', '', '', '', '', '', '');
INSERT INTO `db_test_one_a` VALUES ('64', '5063165678', '530627199402157113', '付茂王', '1994-6-15', '镇雄县场坝镇麻园村挖噜槽组', '男', '99', '(返贫)建档立卡', '场坝镇', '昭通市镇雄县场坝镇麻园村', '正常参保', '', '', '', '', '', '', '', '', '', '', '', '', '', '', '', '', '', '', '');
INSERT INTO `db_test_one_a` VALUES ('65', '5066260013', '532128200404017110', '鲁保勇', '2004-4-1', '云南省昭通市镇雄县场坝镇麻园村委会', '男', '汉族', '(返贫)建档立卡', '场坝镇', '昭通市镇雄县场坝镇麻园村', '正常参保', '', '', '', '', '', '', '', '', '', '', '', '', '', '', '', '', '', '', '');
INSERT INTO `db_test_one_a` VALUES ('66', '5066229361', '532128197902247176', '刘松乾', '1979-2-24', '云南省昭通市镇雄县场坝镇麻园村委会', '男', '汉族', '(返贫)建档立卡', '场坝镇', '昭通市镇雄县场坝镇麻园村', '正常参保', '', '', '', '', '', '', '', '', '', '', '', '', '', '', '', '', '', '', '');
INSERT INTO `db_test_one_a` VALUES ('67', '5066221556', '532128197010137115', '李华兴', '1970-10-13', '云南省昭通市镇雄县场坝镇摩多村委会', '男', '汉族', '(返贫)建档立卡', '场坝镇', '昭通市镇雄县场坝镇摩多村', '正常参保', '', '', '', '', '', '', '', '', '', '', '', '', '', '', '', '', '', '', '');
INSERT INTO `db_test_one_a` VALUES ('68', '5063052447', '532128195602247124', '陈文妃', '1956-2-24', '镇雄县场坝镇摩多村窦家地组', '女', '汉族', '(返贫)建档立卡', '场坝镇', '昭通市镇雄县场坝镇摩多村', '正常参保', '', '', '', '', '', '', '', '', '', '', '', '', '', '', '', '', '', '', '');
INSERT INTO `db_test_one_a` VALUES ('69', '5066216546', '53212819731112713X', '邓成伦', '1973-11-12', '云南省昭通市镇雄县场坝镇摩多村委会', '男', '汉族', '(返贫)建档立卡', '场坝镇', '昭通市镇雄县场坝镇摩多村', '正常参保', '', '', '', '', '', '', '', '', '', '', '', '', '', '', '', '', '', '', '');
INSERT INTO `db_test_one_a` VALUES ('70', '5066255032', '532128197904037199', '王定全', '1979-4-3', '云南省昭通市镇雄县场坝镇场坝村委会', '男', '汉族', '(返贫)建档立卡', '场坝镇', '昭通市镇雄县场坝镇场坝村', '正常参保', '', '', '', '', '', '', '', '', '', '', '', '', '', '', '', '', '', '', '');
INSERT INTO `db_test_one_a` VALUES ('71', '5066238359', '530627200104107148', '罗萍', '2001-4-10', '云南省昭通市镇雄县场坝镇场坝村委会', '女', '汉族', '(返贫)建档立卡', '场坝镇', '昭通市镇雄县场坝镇场坝村', '正常参保', '', '', '', '', '', '', '', '', '', '', '', '', '', '', '', '', '', '', '');
INSERT INTO `db_test_one_a` VALUES ('72', '5066226189', '532128198803057144', '赵祖艳', '1988-3-5', '云南省昭通市镇雄县场坝镇麻园村委会', '女', '汉族', '(返贫)建档立卡', '场坝镇', '昭通市镇雄县场坝镇麻园村', '正常参保', '', '', '', '', '', '', '', '', '', '', '', '', '', '', '', '', '', '', '');
INSERT INTO `db_test_one_a` VALUES ('73', '5066226190', '530627201109017111', '鲁涛', '2011-9-1', '云南省昭通市镇雄县场坝镇麻园村委会', '男', '汉族', '(返贫)建档立卡', '场坝镇', '昭通市镇雄县场坝镇麻园村', '正常参保', '', '', '', '', '', '', '', '', '', '', '', '', '', '', '', '', '', '', '');
INSERT INTO `db_test_one_a` VALUES ('74', '5063168634', '532128193706287113', '晋方远', '1937-6-28', '镇雄县场坝镇麻园村杨家田坝组', '男', '汉族', '(返贫)建档立卡', '场坝镇', '昭通市镇雄县场坝镇麻园村', '正常参保', '', '', '', '', '', '', '', '', '', '', '', '', '', '', '', '', '', '', '');
INSERT INTO `db_test_one_a` VALUES ('75', '5063167641', '53212819340721714X', '彭文芝', '1934-7-21', '镇雄县场坝镇麻园村山背后组', '女', '汉族', '(返贫)建档立卡', '场坝镇', '昭通市镇雄县场坝镇麻园村', '正常参保', '', '', '', '', '', '', '', '', '', '', '', '', '', '', '', '', '', '', '');
INSERT INTO `db_test_one_a` VALUES ('76', '5066256773', '530627201207017182', '王玉缘', '2012-7-1', '云南省昭通市镇雄县场坝镇麻园村委会', '女', '汉族', '(返贫)建档立卡', '场坝镇', '昭通市镇雄县场坝镇麻园村', '正常参保', '', '', '', '', '', '', '', '', '', '', '', '', '', '', '', '', '', '', '');
INSERT INTO `db_test_one_a` VALUES ('77', '5063155491', '53212819990724714X', '刘世树', '1999-7-24', '镇雄县场坝镇麻园村发地坪子组', '女', '99', '(返贫)建档立卡', '场坝镇', '昭通市镇雄县场坝镇麻园村', '正常参保', '', '', '', '', '', '', '', '', '', '', '', '', '', '', '', '', '', '', '');
INSERT INTO `db_test_one_a` VALUES ('78', '5066222850', '530627200407167148', '申雷', '2004-7-16', '云南省昭通市镇雄县场坝镇场坝村委会', '女', '汉族', '(返贫)建档立卡', '场坝镇', '昭通市镇雄县场坝镇场坝村', '正常参保', '', '', '', '', '', '', '', '', '', '', '', '', '', '', '', '', '', '', '');
INSERT INTO `db_test_one_a` VALUES ('79', '5065723451', '53212820071020714X', '杨成荣', '2007-10-20', '镇雄县场坝镇场坝村杨家寨组', '女', '', '(返贫)建档立卡', '场坝镇', '昭通市镇雄县场坝镇场坝村', '正常参保', '', '', '', '', '', '', '', '', '', '', '', '', '', '', '', '', '', '', '');
INSERT INTO `db_test_one_a` VALUES ('80', '5065723446', '53212819740518715X', '杨世义', '1974-5-18', '镇雄县场坝镇场坝村杨家寨组', '男', '', '(返贫)建档立卡', '场坝镇', '昭通市镇雄县场坝镇场坝村', '正常参保', '', '', '', '', '', '', '', '', '', '', '', '', '', '', '', '', '', '', '');
INSERT INTO `db_test_one_a` VALUES ('81', '5066240244', '530627200108107129', '王春林', '2001-8-10', '云南省昭通市镇雄县场坝镇场坝村委会', '女', '汉族', '(返贫)建档立卡', '场坝镇', '昭通市镇雄县场坝镇场坝村', '正常参保', '', '', '', '', '', '', '', '', '', '', '', '', '', '', '', '', '', '', '');
INSERT INTO `db_test_one_a` VALUES ('82', '5066241255', '532128199803257116', '曾帅', '1998-3-25', '云南省昭通市镇雄县场坝镇场坝村委会', '男', '彝族', '(返贫)建档立卡', '场坝镇', '昭通市镇雄县场坝镇场坝村', '正常参保', '', '', '', '', '', '', '', '', '', '', '', '', '', '', '', '', '', '', '');
INSERT INTO `db_test_one_a` VALUES ('83', '5066248128', '532128200001067121', '曾英', '2000-1-6', '云南省昭通市镇雄县场坝镇场坝村委会', '女', '彝族', '(返贫)建档立卡', '场坝镇', '昭通市镇雄县场坝镇场坝村', '正常参保', '', '', '', '', '', '', '', '', '', '', '', '', '', '', '', '', '', '', '');
INSERT INTO `db_test_one_a` VALUES ('84', '5066257937', '530627199611107120', '刘世林', '1996-11-10', '云南省昭通市镇雄县场坝镇麻园村委会', '女', '汉族', '(返贫)建档立卡', '场坝镇', '昭通市镇雄县场坝镇麻园村', '正常参保', '', '', '', '', '', '', '', '', '', '', '', '', '', '', '', '', '', '', '');
INSERT INTO `db_test_one_a` VALUES ('85', '5066228660', '530627201207117175', '李浪', '2012-7-11', '云南省昭通市镇雄县场坝镇麻园村委会', '男', '汉族', '(返贫)建档立卡', '场坝镇', '昭通市镇雄县场坝镇麻园村', '正常参保', '', '', '', '', '', '', '', '', '', '', '', '', '', '', '', '', '', '', '');
INSERT INTO `db_test_one_a` VALUES ('86', '5066241255', '532128199803257116', '曾帅', '1998-3-25', '云南省昭通市镇雄县场坝镇场坝村委会', '男', '彝族', '(返贫)建档立卡', '场坝镇', '昭通市镇雄县场坝镇场坝村', '正常参保', '', '', '', '', '', '', '', '', '', '', '', '', '', '', '', '', '', '', '');
INSERT INTO `db_test_one_a` VALUES ('87', '5066248128', '532128200001067121', '曾英', '2000-1-6', '云南省昭通市镇雄县场坝镇场坝村委会', '女', '彝族', '(返贫)建档立卡', '场坝镇', '昭通市镇雄县场坝镇场坝村', '正常参保', '', '', '', '', '', '', '', '', '', '', '', '', '', '', '', '', '', '', '');
INSERT INTO `db_test_one_a` VALUES ('88', '5066226189', '532128198803057144', '赵祖艳', '1988-3-5', '云南省昭通市镇雄县场坝镇麻园村委会', '女', '汉族', '(返贫)建档立卡', '场坝镇', '昭通市镇雄县场坝镇麻园村', '正常参保', '', '', '', '', '', '', '', '', '', '', '', '', '', '', '', '', '', '', '');
INSERT INTO `db_test_one_a` VALUES ('89', '5066226190', '530627201109017111', '鲁涛', '2011-9-1', '云南省昭通市镇雄县场坝镇麻园村委会', '男', '汉族', '(返贫)建档立卡', '场坝镇', '昭通市镇雄县场坝镇麻园村', '正常参保', '', '', '', '', '', '', '', '', '', '', '', '', '', '', '', '', '', '', '');
INSERT INTO `db_test_one_a` VALUES ('90', '5066222850', '530627200407167148', '申雷', '2004-7-16', '云南省昭通市镇雄县场坝镇场坝村委会', '女', '汉族', '(返贫)建档立卡', '场坝镇', '昭通市镇雄县场坝镇场坝村', '正常参保', '', '', '', '', '', '', '', '', '', '', '', '', '', '', '', '', '', '', '');
INSERT INTO `db_test_one_a` VALUES ('91', '5065723451', '53212820071020714X', '杨成荣', '2007-10-20', '镇雄县场坝镇场坝村杨家寨组', '女', '', '(返贫)建档立卡', '场坝镇', '昭通市镇雄县场坝镇场坝村', '正常参保', '', '', '', '', '', '', '', '', '', '', '', '', '', '', '', '', '', '', '');
INSERT INTO `db_test_one_a` VALUES ('92', '5065723446', '53212819740518715X', '杨世义', '1974-5-18', '镇雄县场坝镇场坝村杨家寨组', '男', '', '(返贫)建档立卡', '场坝镇', '昭通市镇雄县场坝镇场坝村', '正常参保', '', '', '', '', '', '', '', '', '', '', '', '', '', '', '', '', '', '', '');
INSERT INTO `db_test_one_a` VALUES ('93', '5066240244', '530627200108107129', '王春林', '2001-8-10', '云南省昭通市镇雄县场坝镇场坝村委会', '女', '汉族', '(返贫)建档立卡', '场坝镇', '昭通市镇雄县场坝镇场坝村', '正常参保', '', '', '', '', '', '', '', '', '', '', '', '', '', '', '', '', '', '', '');
INSERT INTO `db_test_one_a` VALUES ('94', '5063168634', '532128193706287113', '晋方远', '1937-6-28', '镇雄县场坝镇麻园村杨家田坝组', '男', '汉族', '(返贫)建档立卡', '场坝镇', '昭通市镇雄县场坝镇麻园村', '正常参保', '', '', '', '', '', '', '', '', '', '', '', '', '', '', '', '', '', '', '');
INSERT INTO `db_test_one_a` VALUES ('95', '5063167641', '53212819340721714X', '彭文芝', '1934-7-21', '镇雄县场坝镇麻园村山背后组', '女', '汉族', '(返贫)建档立卡', '场坝镇', '昭通市镇雄县场坝镇麻园村', '正常参保', '', '', '', '', '', '', '', '', '', '', '', '', '', '', '', '', '', '', '');
INSERT INTO `db_test_one_a` VALUES ('96', '5066255032', '532128197904037199', '王定全', '1979-4-3', '云南省昭通市镇雄县场坝镇场坝村委会', '男', '汉族', '(返贫)建档立卡', '场坝镇', '昭通市镇雄县场坝镇场坝村', '正常参保', '', '', '', '', '', '', '', '', '', '', '', '', '', '', '', '', '', '', '');
INSERT INTO `db_test_one_a` VALUES ('97', '5066238359', '530627200104107148', '罗萍', '2001-4-10', '云南省昭通市镇雄县场坝镇场坝村委会', '女', '汉族', '(返贫)建档立卡', '场坝镇', '昭通市镇雄县场坝镇场坝村', '正常参保', '', '', '', '', '', '', '', '', '', '', '', '', '', '', '', '', '', '', '');
INSERT INTO `db_test_one_a` VALUES ('98', '5066256773', '530627201207017182', '王玉缘', '2012-7-1', '云南省昭通市镇雄县场坝镇麻园村委会', '女', '汉族', '(返贫)建档立卡', '场坝镇', '昭通市镇雄县场坝镇麻园村', '正常参保', '', '', '', '', '', '', '', '', '', '', '', '', '', '', '', '', '', '', '');
INSERT INTO `db_test_one_a` VALUES ('99', '5063155491', '53212819990724714X', '刘世树', '1999-7-24', '镇雄县场坝镇麻园村发地坪子组', '女', '99', '(返贫)建档立卡', '场坝镇', '昭通市镇雄县场坝镇麻园村', '正常参保', '', '', '', '', '', '', '', '', '', '', '', '', '', '', '', '', '', '', '');
INSERT INTO `db_test_one_a` VALUES ('100', '5066226184', '530627201408317114', '郎大旭', '2014-8-31', '云南省昭通市镇雄县场坝镇麻园村委会', '男', '汉族', '(返贫)建档立卡', '场坝镇', '昭通市镇雄县场坝镇麻园村', '正常参保', '', '', '', '', '', '', '', '', '', '', '', '', '', '', '', '', '', '', '');
INSERT INTO `db_test_one_a` VALUES ('101', '5066257121', '530627201512097166', '郎舒雅', '2015-12-9', '云南省昭通市镇雄县场坝镇麻园村委会', '女', '汉族', '(返贫)建档立卡', '场坝镇', '昭通市镇雄县场坝镇麻园村', '正常参保', '', '', '', '', '', '', '', '', '', '', '', '', '', '', '', '', '', '', '');
INSERT INTO `db_test_one_a` VALUES ('102', '5066257937', '530627199611107120', '刘世林', '1996-11-10', '云南省昭通市镇雄县场坝镇麻园村委会', '女', '汉族', '(返贫)建档立卡', '场坝镇', '昭通市镇雄县场坝镇麻园村', '正常参保', '', '', '', '', '', '', '', '', '', '', '', '', '', '', '', '', '', '', '');
INSERT INTO `db_test_one_a` VALUES ('103', '5066228660', '530627201207117175', '李浪', '2012-7-11', '云南省昭通市镇雄县场坝镇麻园村委会', '男', '汉族', '(返贫)建档立卡', '场坝镇', '昭通市镇雄县场坝镇麻园村', '正常参保', '', '', '', '', '', '', '', '', '', '', '', '', '', '', '', '', '', '', '');
INSERT INTO `db_test_one_a` VALUES ('104', '5066238201', '532128199210247123', '鲁保会', '1992-10-24', '云南省昭通市镇雄县场坝镇麻园村委会', '女', '汉族', '(返贫)建档立卡', '场坝镇', '昭通市镇雄县场坝镇麻园村', '正常参保', '', '', '', '', '', '', '', '', '', '', '', '', '', '', '', '', '', '', '');
INSERT INTO `db_test_one_a` VALUES ('105', '5063165678', '530627199402157113', '付茂王', '1994-6-15', '镇雄县场坝镇麻园村挖噜槽组', '男', '99', '(返贫)建档立卡', '场坝镇', '昭通市镇雄县场坝镇麻园村', '正常参保', '', '', '', '', '', '', '', '', '', '', '', '', '', '', '', '', '', '', '');
INSERT INTO `db_test_one_a` VALUES ('106', '5066260013', '532128200404017110', '鲁保勇', '2004-4-1', '云南省昭通市镇雄县场坝镇麻园村委会', '男', '汉族', '(返贫)建档立卡', '场坝镇', '昭通市镇雄县场坝镇麻园村', '正常参保', '', '', '', '', '', '', '', '', '', '', '', '', '', '', '', '', '', '', '');
INSERT INTO `db_test_one_a` VALUES ('107', '5066229361', '532128197902247176', '刘松乾', '1979-2-24', '云南省昭通市镇雄县场坝镇麻园村委会', '男', '汉族', '(返贫)建档立卡', '场坝镇', '昭通市镇雄县场坝镇麻园村', '正常参保', '', '', '', '', '', '', '', '', '', '', '', '', '', '', '', '', '', '', '');
INSERT INTO `db_test_one_a` VALUES ('108', '5066221556', '532128197010137115', '李华兴', '1970-10-13', '云南省昭通市镇雄县场坝镇摩多村委会', '男', '汉族', '(返贫)建档立卡', '场坝镇', '昭通市镇雄县场坝镇摩多村', '正常参保', '', '', '', '', '', '', '', '', '', '', '', '', '', '', '', '', '', '', '');
INSERT INTO `db_test_one_a` VALUES ('109', '5063052447', '532128195602247124', '陈文妃', '1956-2-24', '镇雄县场坝镇摩多村窦家地组', '女', '汉族', '(返贫)建档立卡', '场坝镇', '昭通市镇雄县场坝镇摩多村', '正常参保', '', '', '', '', '', '', '', '', '', '', '', '', '', '', '', '', '', '', '');
INSERT INTO `db_test_one_a` VALUES ('110', '5066216546', '53212819731112713X', '邓成伦', '1973-11-12', '云南省昭通市镇雄县场坝镇摩多村委会', '男', '汉族', '(返贫)建档立卡', '场坝镇', '昭通市镇雄县场坝镇摩多村', '正常参保', '', '', '', '', '', '', '', '', '', '', '', '', '', '', '', '', '', '', '');
INSERT INTO `db_test_one_a` VALUES ('111', '5065723446', '53212819740518715X', '杨世义', '1974-5-18', '镇雄县场坝镇场坝村杨家寨组', '男', '', '(返贫)建档立卡', '场坝镇', '昭通市镇雄县场坝镇场坝村', '正常参保', '', '', '', '', '', '', '', '', '', '', '', '', '', '', '', '', '', '', '');
INSERT INTO `db_test_one_a` VALUES ('112', '5066240244', '530627200108107129', '王春林', '2001-8-10', '云南省昭通市镇雄县场坝镇场坝村委会', '女', '汉族', '(返贫)建档立卡', '场坝镇', '昭通市镇雄县场坝镇场坝村', '正常参保', '', '', '', '', '', '', '', '', '', '', '', '', '', '', '', '', '', '', '');
INSERT INTO `db_test_one_a` VALUES ('113', '5066222850', '530627200407167148', '申雷', '2004-7-16', '云南省昭通市镇雄县场坝镇场坝村委会', '女', '汉族', '(返贫)建档立卡', '场坝镇', '昭通市镇雄县场坝镇场坝村', '正常参保', '', '', '', '', '', '', '', '', '', '', '', '', '', '', '', '', '', '', '');
INSERT INTO `db_test_one_a` VALUES ('114', '5065723451', '53212820071020714X', '杨成荣', '2007-10-20', '镇雄县场坝镇场坝村杨家寨组', '女', '', '(返贫)建档立卡', '场坝镇', '昭通市镇雄县场坝镇场坝村', '正常参保', '', '', '', '', '', '', '', '', '', '', '', '', '', '', '', '', '', '', '');
INSERT INTO `db_test_one_a` VALUES ('115', '5066238201', '532128199210247123', '鲁保会', '1992-10-24', '云南省昭通市镇雄县场坝镇麻园村委会', '女', '汉族', '(返贫)建档立卡', '场坝镇', '昭通市镇雄县场坝镇麻园村', '正常参保', '', '', '', '', '', '', '', '', '', '', '', '', '', '', '', '', '', '', '');
INSERT INTO `db_test_one_a` VALUES ('116', '5063165678', '530627199402157113', '付茂王', '1994-6-15', '镇雄县场坝镇麻园村挖噜槽组', '男', '99', '(返贫)建档立卡', '场坝镇', '昭通市镇雄县场坝镇麻园村', '正常参保', '', '', '', '', '', '', '', '', '', '', '', '', '', '', '', '', '', '', '');
INSERT INTO `db_test_one_a` VALUES ('117', '5066260013', '532128200404017110', '鲁保勇', '2004-4-1', '云南省昭通市镇雄县场坝镇麻园村委会', '男', '汉族', '(返贫)建档立卡', '场坝镇', '昭通市镇雄县场坝镇麻园村', '正常参保', '', '', '', '', '', '', '', '', '', '', '', '', '', '', '', '', '', '', '');
INSERT INTO `db_test_one_a` VALUES ('118', '5066229361', '532128197902247176', '刘松乾', '1979-2-24', '云南省昭通市镇雄县场坝镇麻园村委会', '男', '汉族', '(返贫)建档立卡', '场坝镇', '昭通市镇雄县场坝镇麻园村', '正常参保', '', '', '', '', '', '', '', '', '', '', '', '', '', '', '', '', '', '', '');
INSERT INTO `db_test_one_a` VALUES ('119', '5066221556', '532128197010137115', '李华兴', '1970-10-13', '云南省昭通市镇雄县场坝镇摩多村委会', '男', '汉族', '(返贫)建档立卡', '场坝镇', '昭通市镇雄县场坝镇摩多村', '正常参保', '', '', '', '', '', '', '', '', '', '', '', '', '', '', '', '', '', '', '');
INSERT INTO `db_test_one_a` VALUES ('120', '5063052447', '532128195602247124', '陈文妃', '1956-2-24', '镇雄县场坝镇摩多村窦家地组', '女', '汉族', '(返贫)建档立卡', '场坝镇', '昭通市镇雄县场坝镇摩多村', '正常参保', '', '', '', '', '', '', '', '', '', '', '', '', '', '', '', '', '', '', '');
INSERT INTO `db_test_one_a` VALUES ('121', '5066216546', '53212819731112713X', '邓成伦', '1973-11-12', '云南省昭通市镇雄县场坝镇摩多村委会', '男', '汉族', '(返贫)建档立卡', '场坝镇', '昭通市镇雄县场坝镇摩多村', '正常参保', '', '', '', '', '', '', '', '', '', '', '', '', '', '', '', '', '', '', '');
INSERT INTO `db_test_one_a` VALUES ('122', '5066256773', '530627201207017182', '王玉缘', '2012-7-1', '云南省昭通市镇雄县场坝镇麻园村委会', '女', '汉族', '(返贫)建档立卡', '场坝镇', '昭通市镇雄县场坝镇麻园村', '正常参保', '', '', '', '', '', '', '', '', '', '', '', '', '', '', '', '', '', '', '');
INSERT INTO `db_test_one_a` VALUES ('123', '5063155491', '53212819990724714X', '刘世树', '1999-7-24', '镇雄县场坝镇麻园村发地坪子组', '女', '99', '(返贫)建档立卡', '场坝镇', '昭通市镇雄县场坝镇麻园村', '正常参保', '', '', '', '', '', '', '', '', '', '', '', '', '', '', '', '', '', '', '');
INSERT INTO `db_test_one_a` VALUES ('124', '5066257937', '530627199611107120', '刘世林', '1996-11-10', '云南省昭通市镇雄县场坝镇麻园村委会', '女', '汉族', '(返贫)建档立卡', '场坝镇', '昭通市镇雄县场坝镇麻园村', '正常参保', '', '', '', '', '', '', '', '', '', '', '', '', '', '', '', '', '', '', '');
INSERT INTO `db_test_one_a` VALUES ('125', '5066228660', '530627201207117175', '李浪', '2012-7-11', '云南省昭通市镇雄县场坝镇麻园村委会', '男', '汉族', '(返贫)建档立卡', '场坝镇', '昭通市镇雄县场坝镇麻园村', '正常参保', '', '', '', '', '', '', '', '', '', '', '', '', '', '', '', '', '', '', '');
INSERT INTO `db_test_one_a` VALUES ('126', '5066255032', '532128197904037199', '王定全', '1979-4-3', '云南省昭通市镇雄县场坝镇场坝村委会', '男', '汉族', '(返贫)建档立卡', '场坝镇', '昭通市镇雄县场坝镇场坝村', '正常参保', '', '', '', '', '', '', '', '', '', '', '', '', '', '', '', '', '', '', '');
INSERT INTO `db_test_one_a` VALUES ('127', '5066238359', '530627200104107148', '罗萍', '2001-4-10', '云南省昭通市镇雄县场坝镇场坝村委会', '女', '汉族', '(返贫)建档立卡', '场坝镇', '昭通市镇雄县场坝镇场坝村', '正常参保', '', '', '', '', '', '', '', '', '', '', '', '', '', '', '', '', '', '', '');
INSERT INTO `db_test_one_a` VALUES ('128', '5066226184', '530627201408317114', '郎大旭', '2014-8-31', '云南省昭通市镇雄县场坝镇麻园村委会', '男', '汉族', '(返贫)建档立卡', '场坝镇', '昭通市镇雄县场坝镇麻园村', '正常参保', '', '', '', '', '', '', '', '', '', '', '', '', '', '', '', '', '', '', '');
INSERT INTO `db_test_one_a` VALUES ('129', '5066257121', '530627201512097166', '郎舒雅', '2015-12-9', '云南省昭通市镇雄县场坝镇麻园村委会', '女', '汉族', '(返贫)建档立卡', '场坝镇', '昭通市镇雄县场坝镇麻园村', '正常参保', '', '', '', '', '', '', '', '', '', '', '', '', '', '', '', '', '', '', '');
INSERT INTO `db_test_one_a` VALUES ('130', '5066241255', '532128199803257116', '曾帅', '1998-3-25', '云南省昭通市镇雄县场坝镇场坝村委会', '男', '彝族', '(返贫)建档立卡', '场坝镇', '昭通市镇雄县场坝镇场坝村', '正常参保', '', '', '', '', '', '', '', '', '', '', '', '', '', '', '', '', '', '', '');
INSERT INTO `db_test_one_a` VALUES ('131', '5066248128', '532128200001067121', '曾英', '2000-1-6', '云南省昭通市镇雄县场坝镇场坝村委会', '女', '彝族', '(返贫)建档立卡', '场坝镇', '昭通市镇雄县场坝镇场坝村', '正常参保', '', '', '', '', '', '', '', '', '', '', '', '', '', '', '', '', '', '', '');
INSERT INTO `db_test_one_a` VALUES ('132', '5066226189', '532128198803057144', '赵祖艳', '1988-3-5', '云南省昭通市镇雄县场坝镇麻园村委会', '女', '汉族', '(返贫)建档立卡', '场坝镇', '昭通市镇雄县场坝镇麻园村', '正常参保', '', '', '', '', '', '', '', '', '', '', '', '', '', '', '', '', '', '', '');
INSERT INTO `db_test_one_a` VALUES ('133', '5066226190', '530627201109017111', '鲁涛', '2011-9-1', '云南省昭通市镇雄县场坝镇麻园村委会', '男', '汉族', '(返贫)建档立卡', '场坝镇', '昭通市镇雄县场坝镇麻园村', '正常参保', '', '', '', '', '', '', '', '', '', '', '', '', '', '', '', '', '', '', '');
INSERT INTO `db_test_one_a` VALUES ('134', '5063168634', '532128193706287113', '晋方远', '1937-6-28', '镇雄县场坝镇麻园村杨家田坝组', '男', '汉族', '(返贫)建档立卡', '场坝镇', '昭通市镇雄县场坝镇麻园村', '正常参保', '', '', '', '', '', '', '', '', '', '', '', '', '', '', '', '', '', '', '');
INSERT INTO `db_test_one_a` VALUES ('135', '5063167641', '53212819340721714X', '彭文芝', '1934-7-21', '镇雄县场坝镇麻园村山背后组', '女', '汉族', '(返贫)建档立卡', '场坝镇', '昭通市镇雄县场坝镇麻园村', '正常参保', '', '', '', '', '', '', '', '', '', '', '', '', '', '', '', '', '', '', '');
INSERT INTO `db_test_one_a` VALUES ('136', '5066255032', '532128197904037199', '王定全', '1979-4-3', '云南省昭通市镇雄县场坝镇场坝村委会', '男', '汉族', '(返贫)建档立卡', '场坝镇', '昭通市镇雄县场坝镇场坝村', '正常参保', '', '', '', '', '', '', '', '', '', '', '', '', '', '', '', '', '', '', '');
INSERT INTO `db_test_one_a` VALUES ('137', '5066238359', '530627200104107148', '罗萍', '2001-4-10', '云南省昭通市镇雄县场坝镇场坝村委会', '女', '汉族', '(返贫)建档立卡', '场坝镇', '昭通市镇雄县场坝镇场坝村', '正常参保', '', '', '', '', '', '', '', '', '', '', '', '', '', '', '', '', '', '', '');
INSERT INTO `db_test_one_a` VALUES ('138', '5063168634', '532128193706287113', '晋方远', '1937-6-28', '镇雄县场坝镇麻园村杨家田坝组', '男', '汉族', '(返贫)建档立卡', '场坝镇', '昭通市镇雄县场坝镇麻园村', '正常参保', '', '', '', '', '', '', '', '', '', '', '', '', '', '', '', '', '', '', '');
INSERT INTO `db_test_one_a` VALUES ('139', '5063167641', '53212819340721714X', '彭文芝', '1934-7-21', '镇雄县场坝镇麻园村山背后组', '女', '汉族', '(返贫)建档立卡', '场坝镇', '昭通市镇雄县场坝镇麻园村', '正常参保', '', '', '', '', '', '', '', '', '', '', '', '', '', '', '', '', '', '', '');
INSERT INTO `db_test_one_a` VALUES ('140', '5066222850', '530627200407167148', '申雷', '2004-7-16', '云南省昭通市镇雄县场坝镇场坝村委会', '女', '汉族', '(返贫)建档立卡', '场坝镇', '昭通市镇雄县场坝镇场坝村', '正常参保', '', '', '', '', '', '', '', '', '', '', '', '', '', '', '', '', '', '', '');
INSERT INTO `db_test_one_a` VALUES ('141', '5065723451', '53212820071020714X', '杨成荣', '2007-10-20', '镇雄县场坝镇场坝村杨家寨组', '女', '', '(返贫)建档立卡', '场坝镇', '昭通市镇雄县场坝镇场坝村', '正常参保', '', '', '', '', '', '', '', '', '', '', '', '', '', '', '', '', '', '', '');
INSERT INTO `db_test_one_a` VALUES ('142', '5066226184', '530627201408317114', '郎大旭', '2014-8-31', '云南省昭通市镇雄县场坝镇麻园村委会', '男', '汉族', '(返贫)建档立卡', '场坝镇', '昭通市镇雄县场坝镇麻园村', '正常参保', '', '', '', '', '', '', '', '', '', '', '', '', '', '', '', '', '', '', '');
INSERT INTO `db_test_one_a` VALUES ('143', '5066257121', '530627201512097166', '郎舒雅', '2015-12-9', '云南省昭通市镇雄县场坝镇麻园村委会', '女', '汉族', '(返贫)建档立卡', '场坝镇', '昭通市镇雄县场坝镇麻园村', '正常参保', '', '', '', '', '', '', '', '', '', '', '', '', '', '', '', '', '', '', '');
INSERT INTO `db_test_one_a` VALUES ('144', '5066241255', '532128199803257116', '曾帅', '1998-3-25', '云南省昭通市镇雄县场坝镇场坝村委会', '男', '彝族', '(返贫)建档立卡', '场坝镇', '昭通市镇雄县场坝镇场坝村', '正常参保', '', '', '', '', '', '', '', '', '', '', '', '', '', '', '', '', '', '', '');
INSERT INTO `db_test_one_a` VALUES ('145', '5066248128', '532128200001067121', '曾英', '2000-1-6', '云南省昭通市镇雄县场坝镇场坝村委会', '女', '彝族', '(返贫)建档立卡', '场坝镇', '昭通市镇雄县场坝镇场坝村', '正常参保', '', '', '', '', '', '', '', '', '', '', '', '', '', '', '', '', '', '', '');
INSERT INTO `db_test_one_a` VALUES ('146', '5066256773', '530627201207017182', '王玉缘', '2012-7-1', '云南省昭通市镇雄县场坝镇麻园村委会', '女', '汉族', '(返贫)建档立卡', '场坝镇', '昭通市镇雄县场坝镇麻园村', '正常参保', '', '', '', '', '', '', '', '', '', '', '', '', '', '', '', '', '', '', '');
INSERT INTO `db_test_one_a` VALUES ('147', '5063155491', '53212819990724714X', '刘世树', '1999-7-24', '镇雄县场坝镇麻园村发地坪子组', '女', '99', '(返贫)建档立卡', '场坝镇', '昭通市镇雄县场坝镇麻园村', '正常参保', '', '', '', '', '', '', '', '', '', '', '', '', '', '', '', '', '', '', '');
INSERT INTO `db_test_one_a` VALUES ('148', '5066238201', '532128199210247123', '鲁保会', '1992-10-24', '云南省昭通市镇雄县场坝镇麻园村委会', '女', '汉族', '(返贫)建档立卡', '场坝镇', '昭通市镇雄县场坝镇麻园村', '正常参保', '', '', '', '', '', '', '', '', '', '', '', '', '', '', '', '', '', '', '');
INSERT INTO `db_test_one_a` VALUES ('149', '5063165678', '530627199402157113', '付茂王', '1994-6-15', '镇雄县场坝镇麻园村挖噜槽组', '男', '99', '(返贫)建档立卡', '场坝镇', '昭通市镇雄县场坝镇麻园村', '正常参保', '', '', '', '', '', '', '', '', '', '', '', '', '', '', '', '', '', '', '');
INSERT INTO `db_test_one_a` VALUES ('150', '5066260013', '532128200404017110', '鲁保勇', '2004-4-1', '云南省昭通市镇雄县场坝镇麻园村委会', '男', '汉族', '(返贫)建档立卡', '场坝镇', '昭通市镇雄县场坝镇麻园村', '正常参保', '', '', '', '', '', '', '', '', '', '', '', '', '', '', '', '', '', '', '');
INSERT INTO `db_test_one_a` VALUES ('151', '5066229361', '532128197902247176', '刘松乾', '1979-2-24', '云南省昭通市镇雄县场坝镇麻园村委会', '男', '汉族', '(返贫)建档立卡', '场坝镇', '昭通市镇雄县场坝镇麻园村', '正常参保', '', '', '', '', '', '', '', '', '', '', '', '', '', '', '', '', '', '', '');
INSERT INTO `db_test_one_a` VALUES ('152', '5066221556', '532128197010137115', '李华兴', '1970-10-13', '云南省昭通市镇雄县场坝镇摩多村委会', '男', '汉族', '(返贫)建档立卡', '场坝镇', '昭通市镇雄县场坝镇摩多村', '正常参保', '', '', '', '', '', '', '', '', '', '', '', '', '', '', '', '', '', '', '');
INSERT INTO `db_test_one_a` VALUES ('153', '5063052447', '532128195602247124', '陈文妃', '1956-2-24', '镇雄县场坝镇摩多村窦家地组', '女', '汉族', '(返贫)建档立卡', '场坝镇', '昭通市镇雄县场坝镇摩多村', '正常参保', '', '', '', '', '', '', '', '', '', '', '', '', '', '', '', '', '', '', '');
INSERT INTO `db_test_one_a` VALUES ('154', '5066216546', '53212819731112713X', '邓成伦', '1973-11-12', '云南省昭通市镇雄县场坝镇摩多村委会', '男', '汉族', '(返贫)建档立卡', '场坝镇', '昭通市镇雄县场坝镇摩多村', '正常参保', '', '', '', '', '', '', '', '', '', '', '', '', '', '', '', '', '', '', '');
INSERT INTO `db_test_one_a` VALUES ('155', '5066257937', '530627199611107120', '刘世林', '1996-11-10', '云南省昭通市镇雄县场坝镇麻园村委会', '女', '汉族', '(返贫)建档立卡', '场坝镇', '昭通市镇雄县场坝镇麻园村', '正常参保', '', '', '', '', '', '', '', '', '', '', '', '', '', '', '', '', '', '', '');
INSERT INTO `db_test_one_a` VALUES ('156', '5066228660', '530627201207117175', '李浪', '2012-7-11', '云南省昭通市镇雄县场坝镇麻园村委会', '男', '汉族', '(返贫)建档立卡', '场坝镇', '昭通市镇雄县场坝镇麻园村', '正常参保', '', '', '', '', '', '', '', '', '', '', '', '', '', '', '', '', '', '', '');
INSERT INTO `db_test_one_a` VALUES ('157', '5066226189', '532128198803057144', '赵祖艳', '1988-3-5', '云南省昭通市镇雄县场坝镇麻园村委会', '女', '汉族', '(返贫)建档立卡', '场坝镇', '昭通市镇雄县场坝镇麻园村', '正常参保', '', '', '', '', '', '', '', '', '', '', '', '', '', '', '', '', '', '', '');
INSERT INTO `db_test_one_a` VALUES ('158', '5066226190', '530627201109017111', '鲁涛', '2011-9-1', '云南省昭通市镇雄县场坝镇麻园村委会', '男', '汉族', '(返贫)建档立卡', '场坝镇', '昭通市镇雄县场坝镇麻园村', '正常参保', '', '', '', '', '', '', '', '', '', '', '', '', '', '', '', '', '', '', '');
INSERT INTO `db_test_one_a` VALUES ('159', '5065723446', '53212819740518715X', '杨世义', '1974-5-18', '镇雄县场坝镇场坝村杨家寨组', '男', '', '(返贫)建档立卡', '场坝镇', '昭通市镇雄县场坝镇场坝村', '正常参保', '', '', '', '', '', '', '', '', '', '', '', '', '', '', '', '', '', '', '');
INSERT INTO `db_test_one_a` VALUES ('160', '5066240244', '530627200108107129', '王春林', '2001-8-10', '云南省昭通市镇雄县场坝镇场坝村委会', '女', '汉族', '(返贫)建档立卡', '场坝镇', '昭通市镇雄县场坝镇场坝村', '正常参保', '', '', '', '', '', '', '', '', '', '', '', '', '', '', '', '', '', '', '');
INSERT INTO `db_test_one_a` VALUES ('161', '5065723446', '53212819740518715X', '杨世义', '1974-5-18', '镇雄县场坝镇场坝村杨家寨组', '男', '', '(返贫)建档立卡', '场坝镇', '昭通市镇雄县场坝镇场坝村', '正常参保', '', '', '', '', '', '', '', '', '', '', '', '', '', '', '', '', '', '', '');
INSERT INTO `db_test_one_a` VALUES ('162', '5066240244', '530627200108107129', '王春林', '2001-8-10', '云南省昭通市镇雄县场坝镇场坝村委会', '女', '汉族', '(返贫)建档立卡', '场坝镇', '昭通市镇雄县场坝镇场坝村', '正常参保', '', '', '', '', '', '', '', '', '', '', '', '', '', '', '', '', '', '', '');
INSERT INTO `db_test_one_a` VALUES ('163', '5066241255', '532128199803257116', '曾帅', '1998-3-25', '云南省昭通市镇雄县场坝镇场坝村委会', '男', '彝族', '(返贫)建档立卡', '场坝镇', '昭通市镇雄县场坝镇场坝村', '正常参保', '', '', '', '', '', '', '', '', '', '', '', '', '', '', '', '', '', '', '');
INSERT INTO `db_test_one_a` VALUES ('164', '5066248128', '532128200001067121', '曾英', '2000-1-6', '云南省昭通市镇雄县场坝镇场坝村委会', '女', '彝族', '(返贫)建档立卡', '场坝镇', '昭通市镇雄县场坝镇场坝村', '正常参保', '', '', '', '', '', '', '', '', '', '', '', '', '', '', '', '', '', '', '');
INSERT INTO `db_test_one_a` VALUES ('165', '5066256773', '530627201207017182', '王玉缘', '2012-7-1', '云南省昭通市镇雄县场坝镇麻园村委会', '女', '汉族', '(返贫)建档立卡', '场坝镇', '昭通市镇雄县场坝镇麻园村', '正常参保', '', '', '', '', '', '', '', '', '', '', '', '', '', '', '', '', '', '', '');
INSERT INTO `db_test_one_a` VALUES ('166', '5063155491', '53212819990724714X', '刘世树', '1999-7-24', '镇雄县场坝镇麻园村发地坪子组', '女', '99', '(返贫)建档立卡', '场坝镇', '昭通市镇雄县场坝镇麻园村', '正常参保', '', '', '', '', '', '', '', '', '', '', '', '', '', '', '', '', '', '', '');
INSERT INTO `db_test_one_a` VALUES ('167', '5063168634', '532128193706287113', '晋方远', '1937-6-28', '镇雄县场坝镇麻园村杨家田坝组', '男', '汉族', '(返贫)建档立卡', '场坝镇', '昭通市镇雄县场坝镇麻园村', '正常参保', '', '', '', '', '', '', '', '', '', '', '', '', '', '', '', '', '', '', '');
INSERT INTO `db_test_one_a` VALUES ('168', '5063167641', '53212819340721714X', '彭文芝', '1934-7-21', '镇雄县场坝镇麻园村山背后组', '女', '汉族', '(返贫)建档立卡', '场坝镇', '昭通市镇雄县场坝镇麻园村', '正常参保', '', '', '', '', '', '', '', '', '', '', '', '', '', '', '', '', '', '', '');
INSERT INTO `db_test_one_a` VALUES ('169', '5066255032', '532128197904037199', '王定全', '1979-4-3', '云南省昭通市镇雄县场坝镇场坝村委会', '男', '汉族', '(返贫)建档立卡', '场坝镇', '昭通市镇雄县场坝镇场坝村', '正常参保', '', '', '', '', '', '', '', '', '', '', '', '', '', '', '', '', '', '', '');
INSERT INTO `db_test_one_a` VALUES ('170', '5066238359', '530627200104107148', '罗萍', '2001-4-10', '云南省昭通市镇雄县场坝镇场坝村委会', '女', '汉族', '(返贫)建档立卡', '场坝镇', '昭通市镇雄县场坝镇场坝村', '正常参保', '', '', '', '', '', '', '', '', '', '', '', '', '', '', '', '', '', '', '');
INSERT INTO `db_test_one_a` VALUES ('171', '5066226189', '532128198803057144', '赵祖艳', '1988-3-5', '云南省昭通市镇雄县场坝镇麻园村委会', '女', '汉族', '(返贫)建档立卡', '场坝镇', '昭通市镇雄县场坝镇麻园村', '正常参保', '', '', '', '', '', '', '', '', '', '', '', '', '', '', '', '', '', '', '');
INSERT INTO `db_test_one_a` VALUES ('172', '5066226190', '530627201109017111', '鲁涛', '2011-9-1', '云南省昭通市镇雄县场坝镇麻园村委会', '男', '汉族', '(返贫)建档立卡', '场坝镇', '昭通市镇雄县场坝镇麻园村', '正常参保', '', '', '', '', '', '', '', '', '', '', '', '', '', '', '', '', '', '', '');
INSERT INTO `db_test_one_a` VALUES ('173', '5066222850', '530627200407167148', '申雷', '2004-7-16', '云南省昭通市镇雄县场坝镇场坝村委会', '女', '汉族', '(返贫)建档立卡', '场坝镇', '昭通市镇雄县场坝镇场坝村', '正常参保', '', '', '', '', '', '', '', '', '', '', '', '', '', '', '', '', '', '', '');
INSERT INTO `db_test_one_a` VALUES ('174', '5065723451', '53212820071020714X', '杨成荣', '2007-10-20', '镇雄县场坝镇场坝村杨家寨组', '女', '', '(返贫)建档立卡', '场坝镇', '昭通市镇雄县场坝镇场坝村', '正常参保', '', '', '', '', '', '', '', '', '', '', '', '', '', '', '', '', '', '', '');
INSERT INTO `db_test_one_a` VALUES ('175', '5066238201', '532128199210247123', '鲁保会', '1992-10-24', '云南省昭通市镇雄县场坝镇麻园村委会', '女', '汉族', '(返贫)建档立卡', '场坝镇', '昭通市镇雄县场坝镇麻园村', '正常参保', '', '', '', '', '', '', '', '', '', '', '', '', '', '', '', '', '', '', '');
INSERT INTO `db_test_one_a` VALUES ('176', '5063165678', '530627199402157113', '付茂王', '1994-6-15', '镇雄县场坝镇麻园村挖噜槽组', '男', '99', '(返贫)建档立卡', '场坝镇', '昭通市镇雄县场坝镇麻园村', '正常参保', '', '', '', '', '', '', '', '', '', '', '', '', '', '', '', '', '', '', '');
INSERT INTO `db_test_one_a` VALUES ('177', '5066260013', '532128200404017110', '鲁保勇', '2004-4-1', '云南省昭通市镇雄县场坝镇麻园村委会', '男', '汉族', '(返贫)建档立卡', '场坝镇', '昭通市镇雄县场坝镇麻园村', '正常参保', '', '', '', '', '', '', '', '', '', '', '', '', '', '', '', '', '', '', '');
INSERT INTO `db_test_one_a` VALUES ('178', '5066229361', '532128197902247176', '刘松乾', '1979-2-24', '云南省昭通市镇雄县场坝镇麻园村委会', '男', '汉族', '(返贫)建档立卡', '场坝镇', '昭通市镇雄县场坝镇麻园村', '正常参保', '', '', '', '', '', '', '', '', '', '', '', '', '', '', '', '', '', '', '');
INSERT INTO `db_test_one_a` VALUES ('179', '5066221556', '532128197010137115', '李华兴', '1970-10-13', '云南省昭通市镇雄县场坝镇摩多村委会', '男', '汉族', '(返贫)建档立卡', '场坝镇', '昭通市镇雄县场坝镇摩多村', '正常参保', '', '', '', '', '', '', '', '', '', '', '', '', '', '', '', '', '', '', '');
INSERT INTO `db_test_one_a` VALUES ('180', '5063052447', '532128195602247124', '陈文妃', '1956-2-24', '镇雄县场坝镇摩多村窦家地组', '女', '汉族', '(返贫)建档立卡', '场坝镇', '昭通市镇雄县场坝镇摩多村', '正常参保', '', '', '', '', '', '', '', '', '', '', '', '', '', '', '', '', '', '', '');
INSERT INTO `db_test_one_a` VALUES ('181', '5066216546', '53212819731112713X', '邓成伦', '1973-11-12', '云南省昭通市镇雄县场坝镇摩多村委会', '男', '汉族', '(返贫)建档立卡', '场坝镇', '昭通市镇雄县场坝镇摩多村', '正常参保', '', '', '', '', '', '', '', '', '', '', '', '', '', '', '', '', '', '', '');
INSERT INTO `db_test_one_a` VALUES ('182', '5066226184', '530627201408317114', '郎大旭', '2014-8-31', '云南省昭通市镇雄县场坝镇麻园村委会', '男', '汉族', '(返贫)建档立卡', '场坝镇', '昭通市镇雄县场坝镇麻园村', '正常参保', '', '', '', '', '', '', '', '', '', '', '', '', '', '', '', '', '', '', '');
INSERT INTO `db_test_one_a` VALUES ('183', '5066257121', '530627201512097166', '郎舒雅', '2015-12-9', '云南省昭通市镇雄县场坝镇麻园村委会', '女', '汉族', '(返贫)建档立卡', '场坝镇', '昭通市镇雄县场坝镇麻园村', '正常参保', '', '', '', '', '', '', '', '', '', '', '', '', '', '', '', '', '', '', '');
INSERT INTO `db_test_one_a` VALUES ('184', '5066257937', '530627199611107120', '刘世林', '1996-11-10', '云南省昭通市镇雄县场坝镇麻园村委会', '女', '汉族', '(返贫)建档立卡', '场坝镇', '昭通市镇雄县场坝镇麻园村', '正常参保', '', '', '', '', '', '', '', '', '', '', '', '', '', '', '', '', '', '', '');
INSERT INTO `db_test_one_a` VALUES ('185', '5066228660', '530627201207117175', '李浪', '2012-7-11', '云南省昭通市镇雄县场坝镇麻园村委会', '男', '汉族', '(返贫)建档立卡', '场坝镇', '昭通市镇雄县场坝镇麻园村', '正常参保', '', '', '', '', '', '', '', '', '', '', '', '', '', '', '', '', '', '', '');
INSERT INTO `db_test_one_a` VALUES ('186', '5066256773', '530627201207017182', '王玉缘', '2012-7-1', '云南省昭通市镇雄县场坝镇麻园村委会', '女', '汉族', '(返贫)建档立卡', '场坝镇', '昭通市镇雄县场坝镇麻园村', '正常参保', '', '', '', '', '', '', '', '', '', '', '', '', '', '', '', '', '', '', '');
INSERT INTO `db_test_one_a` VALUES ('187', '5063155491', '53212819990724714X', '刘世树', '1999-7-24', '镇雄县场坝镇麻园村发地坪子组', '女', '99', '(返贫)建档立卡', '场坝镇', '昭通市镇雄县场坝镇麻园村', '正常参保', '', '', '', '', '', '', '', '', '', '', '', '', '', '', '', '', '', '', '');
INSERT INTO `db_test_one_a` VALUES ('188', '5063168634', '532128193706287113', '晋方远', '1937-6-28', '镇雄县场坝镇麻园村杨家田坝组', '男', '汉族', '(返贫)建档立卡', '场坝镇', '昭通市镇雄县场坝镇麻园村', '正常参保', '', '', '', '', '', '', '', '', '', '', '', '', '', '', '', '', '', '', '');
INSERT INTO `db_test_one_a` VALUES ('189', '5063167641', '53212819340721714X', '彭文芝', '1934-7-21', '镇雄县场坝镇麻园村山背后组', '女', '汉族', '(返贫)建档立卡', '场坝镇', '昭通市镇雄县场坝镇麻园村', '正常参保', '', '', '', '', '', '', '', '', '', '', '', '', '', '', '', '', '', '', '');
INSERT INTO `db_test_one_a` VALUES ('190', '5066255032', '532128197904037199', '王定全', '1979-4-3', '云南省昭通市镇雄县场坝镇场坝村委会', '男', '汉族', '(返贫)建档立卡', '场坝镇', '昭通市镇雄县场坝镇场坝村', '正常参保', '', '', '', '', '', '', '', '', '', '', '', '', '', '', '', '', '', '', '');
INSERT INTO `db_test_one_a` VALUES ('191', '5066238359', '530627200104107148', '罗萍', '2001-4-10', '云南省昭通市镇雄县场坝镇场坝村委会', '女', '汉族', '(返贫)建档立卡', '场坝镇', '昭通市镇雄县场坝镇场坝村', '正常参保', '', '', '', '', '', '', '', '', '', '', '', '', '', '', '', '', '', '', '');
INSERT INTO `db_test_one_a` VALUES ('192', '5066241255', '532128199803257116', '曾帅', '1998-3-25', '云南省昭通市镇雄县场坝镇场坝村委会', '男', '彝族', '(返贫)建档立卡', '场坝镇', '昭通市镇雄县场坝镇场坝村', '正常参保', '', '', '', '', '', '', '', '', '', '', '', '', '', '', '', '', '', '', '');
INSERT INTO `db_test_one_a` VALUES ('193', '5066248128', '532128200001067121', '曾英', '2000-1-6', '云南省昭通市镇雄县场坝镇场坝村委会', '女', '彝族', '(返贫)建档立卡', '场坝镇', '昭通市镇雄县场坝镇场坝村', '正常参保', '', '', '', '', '', '', '', '', '', '', '', '', '', '', '', '', '', '', '');
INSERT INTO `db_test_one_a` VALUES ('194', '5066222850', '530627200407167148', '申雷', '2004-7-16', '云南省昭通市镇雄县场坝镇场坝村委会', '女', '汉族', '(返贫)建档立卡', '场坝镇', '昭通市镇雄县场坝镇场坝村', '正常参保', '', '', '', '', '', '', '', '', '', '', '', '', '', '', '', '', '', '', '');
INSERT INTO `db_test_one_a` VALUES ('195', '5065723451', '53212820071020714X', '杨成荣', '2007-10-20', '镇雄县场坝镇场坝村杨家寨组', '女', '', '(返贫)建档立卡', '场坝镇', '昭通市镇雄县场坝镇场坝村', '正常参保', '', '', '', '', '', '', '', '', '', '', '', '', '', '', '', '', '', '', '');
INSERT INTO `db_test_one_a` VALUES ('196', '5066257937', '530627199611107120', '刘世林', '1996-11-10', '云南省昭通市镇雄县场坝镇麻园村委会', '女', '汉族', '(返贫)建档立卡', '场坝镇', '昭通市镇雄县场坝镇麻园村', '正常参保', '', '', '', '', '', '', '', '', '', '', '', '', '', '', '', '', '', '', '');
INSERT INTO `db_test_one_a` VALUES ('197', '5066228660', '530627201207117175', '李浪', '2012-7-11', '云南省昭通市镇雄县场坝镇麻园村委会', '男', '汉族', '(返贫)建档立卡', '场坝镇', '昭通市镇雄县场坝镇麻园村', '正常参保', '', '', '', '', '', '', '', '', '', '', '', '', '', '', '', '', '', '', '');
INSERT INTO `db_test_one_a` VALUES ('198', '5065723446', '53212819740518715X', '杨世义', '1974-5-18', '镇雄县场坝镇场坝村杨家寨组', '男', '', '(返贫)建档立卡', '场坝镇', '昭通市镇雄县场坝镇场坝村', '正常参保', '', '', '', '', '', '', '', '', '', '', '', '', '', '', '', '', '', '', '');
INSERT INTO `db_test_one_a` VALUES ('199', '5066240244', '530627200108107129', '王春林', '2001-8-10', '云南省昭通市镇雄县场坝镇场坝村委会', '女', '汉族', '(返贫)建档立卡', '场坝镇', '昭通市镇雄县场坝镇场坝村', '正常参保', '', '', '', '', '', '', '', '', '', '', '', '', '', '', '', '', '', '', '');
INSERT INTO `db_test_one_a` VALUES ('200', '5066226184', '530627201408317114', '郎大旭', '2014-8-31', '云南省昭通市镇雄县场坝镇麻园村委会', '男', '汉族', '(返贫)建档立卡', '场坝镇', '昭通市镇雄县场坝镇麻园村', '正常参保', '', '', '', '', '', '', '', '', '', '', '', '', '', '', '', '', '', '', '');
INSERT INTO `db_test_one_a` VALUES ('201', '5066257121', '530627201512097166', '郎舒雅', '2015-12-9', '云南省昭通市镇雄县场坝镇麻园村委会', '女', '汉族', '(返贫)建档立卡', '场坝镇', '昭通市镇雄县场坝镇麻园村', '正常参保', '', '', '', '', '', '', '', '', '', '', '', '', '', '', '', '', '', '', '');
INSERT INTO `db_test_one_a` VALUES ('202', '5066238201', '532128199210247123', '鲁保会', '1992-10-24', '云南省昭通市镇雄县场坝镇麻园村委会', '女', '汉族', '(返贫)建档立卡', '场坝镇', '昭通市镇雄县场坝镇麻园村', '正常参保', '', '', '', '', '', '', '', '', '', '', '', '', '', '', '', '', '', '', '');
INSERT INTO `db_test_one_a` VALUES ('203', '5063165678', '530627199402157113', '付茂王', '1994-6-15', '镇雄县场坝镇麻园村挖噜槽组', '男', '99', '(返贫)建档立卡', '场坝镇', '昭通市镇雄县场坝镇麻园村', '正常参保', '', '', '', '', '', '', '', '', '', '', '', '', '', '', '', '', '', '', '');
INSERT INTO `db_test_one_a` VALUES ('204', '5066260013', '532128200404017110', '鲁保勇', '2004-4-1', '云南省昭通市镇雄县场坝镇麻园村委会', '男', '汉族', '(返贫)建档立卡', '场坝镇', '昭通市镇雄县场坝镇麻园村', '正常参保', '', '', '', '', '', '', '', '', '', '', '', '', '', '', '', '', '', '', '');
INSERT INTO `db_test_one_a` VALUES ('205', '5066229361', '532128197902247176', '刘松乾', '1979-2-24', '云南省昭通市镇雄县场坝镇麻园村委会', '男', '汉族', '(返贫)建档立卡', '场坝镇', '昭通市镇雄县场坝镇麻园村', '正常参保', '', '', '', '', '', '', '', '', '', '', '', '', '', '', '', '', '', '', '');
INSERT INTO `db_test_one_a` VALUES ('206', '5066221556', '532128197010137115', '李华兴', '1970-10-13', '云南省昭通市镇雄县场坝镇摩多村委会', '男', '汉族', '(返贫)建档立卡', '场坝镇', '昭通市镇雄县场坝镇摩多村', '正常参保', '', '', '', '', '', '', '', '', '', '', '', '', '', '', '', '', '', '', '');
INSERT INTO `db_test_one_a` VALUES ('207', '5063052447', '532128195602247124', '陈文妃', '1956-2-24', '镇雄县场坝镇摩多村窦家地组', '女', '汉族', '(返贫)建档立卡', '场坝镇', '昭通市镇雄县场坝镇摩多村', '正常参保', '', '', '', '', '', '', '', '', '', '', '', '', '', '', '', '', '', '', '');
INSERT INTO `db_test_one_a` VALUES ('208', '5066216546', '53212819731112713X', '邓成伦', '1973-11-12', '云南省昭通市镇雄县场坝镇摩多村委会', '男', '汉族', '(返贫)建档立卡', '场坝镇', '昭通市镇雄县场坝镇摩多村', '正常参保', '', '', '', '', '', '', '', '', '', '', '', '', '', '', '', '', '', '', '');
INSERT INTO `db_test_one_a` VALUES ('209', '5066226189', '532128198803057144', '赵祖艳', '1988-3-5', '云南省昭通市镇雄县场坝镇麻园村委会', '女', '汉族', '(返贫)建档立卡', '场坝镇', '昭通市镇雄县场坝镇麻园村', '正常参保', '', '', '', '', '', '', '', '', '', '', '', '', '', '', '', '', '', '', '');
INSERT INTO `db_test_one_a` VALUES ('210', '5066226190', '530627201109017111', '鲁涛', '2011-9-1', '云南省昭通市镇雄县场坝镇麻园村委会', '男', '汉族', '(返贫)建档立卡', '场坝镇', '昭通市镇雄县场坝镇麻园村', '正常参保', '', '', '', '', '', '', '', '', '', '', '', '', '', '', '', '', '', '', '');
INSERT INTO `db_test_one_a` VALUES ('211', '5066255032', '532128197904037199', '王定全', '1979-4-3', '云南省昭通市镇雄县场坝镇场坝村委会', '男', '汉族', '(返贫)建档立卡', '场坝镇', '昭通市镇雄县场坝镇场坝村', '正常参保', '', '', '', '', '', '', '', '', '', '', '', '', '', '', '', '', '', '', '');
INSERT INTO `db_test_one_a` VALUES ('212', '5066238359', '530627200104107148', '罗萍', '2001-4-10', '云南省昭通市镇雄县场坝镇场坝村委会', '女', '汉族', '(返贫)建档立卡', '场坝镇', '昭通市镇雄县场坝镇场坝村', '正常参保', '', '', '', '', '', '', '', '', '', '', '', '', '', '', '', '', '', '', '');
INSERT INTO `db_test_one_a` VALUES ('213', '5066241255', '532128199803257116', '曾帅', '1998-3-25', '云南省昭通市镇雄县场坝镇场坝村委会', '男', '彝族', '(返贫)建档立卡', '场坝镇', '昭通市镇雄县场坝镇场坝村', '正常参保', '', '', '', '', '', '', '', '', '', '', '', '', '', '', '', '', '', '', '');
INSERT INTO `db_test_one_a` VALUES ('214', '5066248128', '532128200001067121', '曾英', '2000-1-6', '云南省昭通市镇雄县场坝镇场坝村委会', '女', '彝族', '(返贫)建档立卡', '场坝镇', '昭通市镇雄县场坝镇场坝村', '正常参保', '', '', '', '', '', '', '', '', '', '', '', '', '', '', '', '', '', '', '');
INSERT INTO `db_test_one_a` VALUES ('215', '5066222850', '530627200407167148', '申雷', '2004-7-16', '云南省昭通市镇雄县场坝镇场坝村委会', '女', '汉族', '(返贫)建档立卡', '场坝镇', '昭通市镇雄县场坝镇场坝村', '正常参保', '', '', '', '', '', '', '', '', '', '', '', '', '', '', '', '', '', '', '');
INSERT INTO `db_test_one_a` VALUES ('216', '5065723451', '53212820071020714X', '杨成荣', '2007-10-20', '镇雄县场坝镇场坝村杨家寨组', '女', '', '(返贫)建档立卡', '场坝镇', '昭通市镇雄县场坝镇场坝村', '正常参保', '', '', '', '', '', '', '', '', '', '', '', '', '', '', '', '', '', '', '');
INSERT INTO `db_test_one_a` VALUES ('217', '5066238201', '532128199210247123', '鲁保会', '1992-10-24', '云南省昭通市镇雄县场坝镇麻园村委会', '女', '汉族', '(返贫)建档立卡', '场坝镇', '昭通市镇雄县场坝镇麻园村', '正常参保', '', '', '', '', '', '', '', '', '', '', '', '', '', '', '', '', '', '', '');
INSERT INTO `db_test_one_a` VALUES ('218', '5063165678', '530627199402157113', '付茂王', '1994-6-15', '镇雄县场坝镇麻园村挖噜槽组', '男', '99', '(返贫)建档立卡', '场坝镇', '昭通市镇雄县场坝镇麻园村', '正常参保', '', '', '', '', '', '', '', '', '', '', '', '', '', '', '', '', '', '', '');
INSERT INTO `db_test_one_a` VALUES ('219', '5066260013', '532128200404017110', '鲁保勇', '2004-4-1', '云南省昭通市镇雄县场坝镇麻园村委会', '男', '汉族', '(返贫)建档立卡', '场坝镇', '昭通市镇雄县场坝镇麻园村', '正常参保', '', '', '', '', '', '', '', '', '', '', '', '', '', '', '', '', '', '', '');
INSERT INTO `db_test_one_a` VALUES ('220', '5066229361', '532128197902247176', '刘松乾', '1979-2-24', '云南省昭通市镇雄县场坝镇麻园村委会', '男', '汉族', '(返贫)建档立卡', '场坝镇', '昭通市镇雄县场坝镇麻园村', '正常参保', '', '', '', '', '', '', '', '', '', '', '', '', '', '', '', '', '', '', '');
INSERT INTO `db_test_one_a` VALUES ('221', '5066221556', '532128197010137115', '李华兴', '1970-10-13', '云南省昭通市镇雄县场坝镇摩多村委会', '男', '汉族', '(返贫)建档立卡', '场坝镇', '昭通市镇雄县场坝镇摩多村', '正常参保', '', '', '', '', '', '', '', '', '', '', '', '', '', '', '', '', '', '', '');
INSERT INTO `db_test_one_a` VALUES ('222', '5063052447', '532128195602247124', '陈文妃', '1956-2-24', '镇雄县场坝镇摩多村窦家地组', '女', '汉族', '(返贫)建档立卡', '场坝镇', '昭通市镇雄县场坝镇摩多村', '正常参保', '', '', '', '', '', '', '', '', '', '', '', '', '', '', '', '', '', '', '');
INSERT INTO `db_test_one_a` VALUES ('223', '5066216546', '53212819731112713X', '邓成伦', '1973-11-12', '云南省昭通市镇雄县场坝镇摩多村委会', '男', '汉族', '(返贫)建档立卡', '场坝镇', '昭通市镇雄县场坝镇摩多村', '正常参保', '', '', '', '', '', '', '', '', '', '', '', '', '', '', '', '', '', '', '');
INSERT INTO `db_test_one_a` VALUES ('224', '5066256773', '530627201207017182', '王玉缘', '2012-7-1', '云南省昭通市镇雄县场坝镇麻园村委会', '女', '汉族', '(返贫)建档立卡', '场坝镇', '昭通市镇雄县场坝镇麻园村', '正常参保', '', '', '', '', '', '', '', '', '', '', '', '', '', '', '', '', '', '', '');
INSERT INTO `db_test_one_a` VALUES ('225', '5063155491', '53212819990724714X', '刘世树', '1999-7-24', '镇雄县场坝镇麻园村发地坪子组', '女', '99', '(返贫)建档立卡', '场坝镇', '昭通市镇雄县场坝镇麻园村', '正常参保', '', '', '', '', '', '', '', '', '', '', '', '', '', '', '', '', '', '', '');
INSERT INTO `db_test_one_a` VALUES ('226', '5066257937', '530627199611107120', '刘世林', '1996-11-10', '云南省昭通市镇雄县场坝镇麻园村委会', '女', '汉族', '(返贫)建档立卡', '场坝镇', '昭通市镇雄县场坝镇麻园村', '正常参保', '', '', '', '', '', '', '', '', '', '', '', '', '', '', '', '', '', '', '');
INSERT INTO `db_test_one_a` VALUES ('227', '5066228660', '530627201207117175', '李浪', '2012-7-11', '云南省昭通市镇雄县场坝镇麻园村委会', '男', '汉族', '(返贫)建档立卡', '场坝镇', '昭通市镇雄县场坝镇麻园村', '正常参保', '', '', '', '', '', '', '', '', '', '', '', '', '', '', '', '', '', '', '');
INSERT INTO `db_test_one_a` VALUES ('228', '5065723446', '53212819740518715X', '杨世义', '1974-5-18', '镇雄县场坝镇场坝村杨家寨组', '男', '', '(返贫)建档立卡', '场坝镇', '昭通市镇雄县场坝镇场坝村', '正常参保', '', '', '', '', '', '', '', '', '', '', '', '', '', '', '', '', '', '', '');
INSERT INTO `db_test_one_a` VALUES ('229', '5066240244', '530627200108107129', '王春林', '2001-8-10', '云南省昭通市镇雄县场坝镇场坝村委会', '女', '汉族', '(返贫)建档立卡', '场坝镇', '昭通市镇雄县场坝镇场坝村', '正常参保', '', '', '', '', '', '', '', '', '', '', '', '', '', '', '', '', '', '', '');
INSERT INTO `db_test_one_a` VALUES ('230', '5066226189', '532128198803057144', '赵祖艳', '1988-3-5', '云南省昭通市镇雄县场坝镇麻园村委会', '女', '汉族', '(返贫)建档立卡', '场坝镇', '昭通市镇雄县场坝镇麻园村', '正常参保', '', '', '', '', '', '', '', '', '', '', '', '', '', '', '', '', '', '', '');
INSERT INTO `db_test_one_a` VALUES ('231', '5066226190', '530627201109017111', '鲁涛', '2011-9-1', '云南省昭通市镇雄县场坝镇麻园村委会', '男', '汉族', '(返贫)建档立卡', '场坝镇', '昭通市镇雄县场坝镇麻园村', '正常参保', '', '', '', '', '', '', '', '', '', '', '', '', '', '', '', '', '', '', '');
INSERT INTO `db_test_one_a` VALUES ('232', '5066226184', '530627201408317114', '郎大旭', '2014-8-31', '云南省昭通市镇雄县场坝镇麻园村委会', '男', '汉族', '(返贫)建档立卡', '场坝镇', '昭通市镇雄县场坝镇麻园村', '正常参保', '', '', '', '', '', '', '', '', '', '', '', '', '', '', '', '', '', '', '');
INSERT INTO `db_test_one_a` VALUES ('233', '5066257121', '530627201512097166', '郎舒雅', '2015-12-9', '云南省昭通市镇雄县场坝镇麻园村委会', '女', '汉族', '(返贫)建档立卡', '场坝镇', '昭通市镇雄县场坝镇麻园村', '正常参保', '', '', '', '', '', '', '', '', '', '', '', '', '', '', '', '', '', '', '');
INSERT INTO `db_test_one_a` VALUES ('234', '5063168634', '532128193706287113', '晋方远', '1937-6-28', '镇雄县场坝镇麻园村杨家田坝组', '男', '汉族', '(返贫)建档立卡', '场坝镇', '昭通市镇雄县场坝镇麻园村', '正常参保', '', '', '', '', '', '', '', '', '', '', '', '', '', '', '', '', '', '', '');
INSERT INTO `db_test_one_a` VALUES ('235', '5063167641', '53212819340721714X', '彭文芝', '1934-7-21', '镇雄县场坝镇麻园村山背后组', '女', '汉族', '(返贫)建档立卡', '场坝镇', '昭通市镇雄县场坝镇麻园村', '正常参保', '', '', '', '', '', '', '', '', '', '', '', '', '', '', '', '', '', '', '');
INSERT INTO `db_test_one_a` VALUES ('236', '5066255032', '532128197904037199', '王定全', '1979-4-3', '云南省昭通市镇雄县场坝镇场坝村委会', '男', '汉族', '(返贫)建档立卡', '场坝镇', '昭通市镇雄县场坝镇场坝村', '正常参保', '', '', '', '', '', '', '', '', '', '', '', '', '', '', '', '', '', '', '');
INSERT INTO `db_test_one_a` VALUES ('237', '5066238359', '530627200104107148', '罗萍', '2001-4-10', '云南省昭通市镇雄县场坝镇场坝村委会', '女', '汉族', '(返贫)建档立卡', '场坝镇', '昭通市镇雄县场坝镇场坝村', '正常参保', '', '', '', '', '', '', '', '', '', '', '', '', '', '', '', '', '', '', '');
INSERT INTO `db_test_one_a` VALUES ('238', '5066241255', '532128199803257116', '曾帅', '1998-3-25', '云南省昭通市镇雄县场坝镇场坝村委会', '男', '彝族', '(返贫)建档立卡', '场坝镇', '昭通市镇雄县场坝镇场坝村', '正常参保', '', '', '', '', '', '', '', '', '', '', '', '', '', '', '', '', '', '', '');
INSERT INTO `db_test_one_a` VALUES ('239', '5066248128', '532128200001067121', '曾英', '2000-1-6', '云南省昭通市镇雄县场坝镇场坝村委会', '女', '彝族', '(返贫)建档立卡', '场坝镇', '昭通市镇雄县场坝镇场坝村', '正常参保', '', '', '', '', '', '', '', '', '', '', '', '', '', '', '', '', '', '', '');
INSERT INTO `db_test_one_a` VALUES ('240', '5066222850', '530627200407167148', '申雷', '2004-7-16', '云南省昭通市镇雄县场坝镇场坝村委会', '女', '汉族', '(返贫)建档立卡', '场坝镇', '昭通市镇雄县场坝镇场坝村', '正常参保', '', '', '', '', '', '', '', '', '', '', '', '', '', '', '', '', '', '', '');
INSERT INTO `db_test_one_a` VALUES ('241', '5065723451', '53212820071020714X', '杨成荣', '2007-10-20', '镇雄县场坝镇场坝村杨家寨组', '女', '', '(返贫)建档立卡', '场坝镇', '昭通市镇雄县场坝镇场坝村', '正常参保', '', '', '', '', '', '', '', '', '', '', '', '', '', '', '', '', '', '', '');
INSERT INTO `db_test_one_a` VALUES ('242', '5066256773', '530627201207017182', '王玉缘', '2012-7-1', '云南省昭通市镇雄县场坝镇麻园村委会', '女', '汉族', '(返贫)建档立卡', '场坝镇', '昭通市镇雄县场坝镇麻园村', '正常参保', '', '', '', '', '', '', '', '', '', '', '', '', '', '', '', '', '', '', '');
INSERT INTO `db_test_one_a` VALUES ('243', '5063155491', '53212819990724714X', '刘世树', '1999-7-24', '镇雄县场坝镇麻园村发地坪子组', '女', '99', '(返贫)建档立卡', '场坝镇', '昭通市镇雄县场坝镇麻园村', '正常参保', '', '', '', '', '', '', '', '', '', '', '', '', '', '', '', '', '', '', '');
INSERT INTO `db_test_one_a` VALUES ('244', '5063168634', '532128193706287113', '晋方远', '1937-6-28', '镇雄县场坝镇麻园村杨家田坝组', '男', '汉族', '(返贫)建档立卡', '场坝镇', '昭通市镇雄县场坝镇麻园村', '正常参保', '', '', '', '', '', '', '', '', '', '', '', '', '', '', '', '', '', '', '');
INSERT INTO `db_test_one_a` VALUES ('245', '5063167641', '53212819340721714X', '彭文芝', '1934-7-21', '镇雄县场坝镇麻园村山背后组', '女', '汉族', '(返贫)建档立卡', '场坝镇', '昭通市镇雄县场坝镇麻园村', '正常参保', '', '', '', '', '', '', '', '', '', '', '', '', '', '', '', '', '', '', '');
INSERT INTO `db_test_one_a` VALUES ('246', '5065723446', '53212819740518715X', '杨世义', '1974-5-18', '镇雄县场坝镇场坝村杨家寨组', '男', '', '(返贫)建档立卡', '场坝镇', '昭通市镇雄县场坝镇场坝村', '正常参保', '', '', '', '', '', '', '', '', '', '', '', '', '', '', '', '', '', '', '');
INSERT INTO `db_test_one_a` VALUES ('247', '5066240244', '530627200108107129', '王春林', '2001-8-10', '云南省昭通市镇雄县场坝镇场坝村委会', '女', '汉族', '(返贫)建档立卡', '场坝镇', '昭通市镇雄县场坝镇场坝村', '正常参保', '', '', '', '', '', '', '', '', '', '', '', '', '', '', '', '', '', '', '');
INSERT INTO `db_test_one_a` VALUES ('248', '5066226189', '532128198803057144', '赵祖艳', '1988-3-5', '云南省昭通市镇雄县场坝镇麻园村委会', '女', '汉族', '(返贫)建档立卡', '场坝镇', '昭通市镇雄县场坝镇麻园村', '正常参保', '', '', '', '', '', '', '', '', '', '', '', '', '', '', '', '', '', '', '');
INSERT INTO `db_test_one_a` VALUES ('249', '5066226190', '530627201109017111', '鲁涛', '2011-9-1', '云南省昭通市镇雄县场坝镇麻园村委会', '男', '汉族', '(返贫)建档立卡', '场坝镇', '昭通市镇雄县场坝镇麻园村', '正常参保', '', '', '', '', '', '', '', '', '', '', '', '', '', '', '', '', '', '', '');
INSERT INTO `db_test_one_a` VALUES ('250', '5066257937', '530627199611107120', '刘世林', '1996-11-10', '云南省昭通市镇雄县场坝镇麻园村委会', '女', '汉族', '(返贫)建档立卡', '场坝镇', '昭通市镇雄县场坝镇麻园村', '正常参保', '', '', '', '', '', '', '', '', '', '', '', '', '', '', '', '', '', '', '');
INSERT INTO `db_test_one_a` VALUES ('251', '5066228660', '530627201207117175', '李浪', '2012-7-11', '云南省昭通市镇雄县场坝镇麻园村委会', '男', '汉族', '(返贫)建档立卡', '场坝镇', '昭通市镇雄县场坝镇麻园村', '正常参保', '', '', '', '', '', '', '', '', '', '', '', '', '', '', '', '', '', '', '');
INSERT INTO `db_test_one_a` VALUES ('252', '5066238201', '532128199210247123', '鲁保会', '1992-10-24', '云南省昭通市镇雄县场坝镇麻园村委会', '女', '汉族', '(返贫)建档立卡', '场坝镇', '昭通市镇雄县场坝镇麻园村', '正常参保', '', '', '', '', '', '', '', '', '', '', '', '', '', '', '', '', '', '', '');
INSERT INTO `db_test_one_a` VALUES ('253', '5063165678', '530627199402157113', '付茂王', '1994-6-15', '镇雄县场坝镇麻园村挖噜槽组', '男', '99', '(返贫)建档立卡', '场坝镇', '昭通市镇雄县场坝镇麻园村', '正常参保', '', '', '', '', '', '', '', '', '', '', '', '', '', '', '', '', '', '', '');
INSERT INTO `db_test_one_a` VALUES ('254', '5066260013', '532128200404017110', '鲁保勇', '2004-4-1', '云南省昭通市镇雄县场坝镇麻园村委会', '男', '汉族', '(返贫)建档立卡', '场坝镇', '昭通市镇雄县场坝镇麻园村', '正常参保', '', '', '', '', '', '', '', '', '', '', '', '', '', '', '', '', '', '', '');
INSERT INTO `db_test_one_a` VALUES ('255', '5066229361', '532128197902247176', '刘松乾', '1979-2-24', '云南省昭通市镇雄县场坝镇麻园村委会', '男', '汉族', '(返贫)建档立卡', '场坝镇', '昭通市镇雄县场坝镇麻园村', '正常参保', '', '', '', '', '', '', '', '', '', '', '', '', '', '', '', '', '', '', '');
INSERT INTO `db_test_one_a` VALUES ('256', '5066221556', '532128197010137115', '李华兴', '1970-10-13', '云南省昭通市镇雄县场坝镇摩多村委会', '男', '汉族', '(返贫)建档立卡', '场坝镇', '昭通市镇雄县场坝镇摩多村', '正常参保', '', '', '', '', '', '', '', '', '', '', '', '', '', '', '', '', '', '', '');
INSERT INTO `db_test_one_a` VALUES ('257', '5063052447', '532128195602247124', '陈文妃', '1956-2-24', '镇雄县场坝镇摩多村窦家地组', '女', '汉族', '(返贫)建档立卡', '场坝镇', '昭通市镇雄县场坝镇摩多村', '正常参保', '', '', '', '', '', '', '', '', '', '', '', '', '', '', '', '', '', '', '');
INSERT INTO `db_test_one_a` VALUES ('258', '5066216546', '53212819731112713X', '邓成伦', '1973-11-12', '云南省昭通市镇雄县场坝镇摩多村委会', '男', '汉族', '(返贫)建档立卡', '场坝镇', '昭通市镇雄县场坝镇摩多村', '正常参保', '', '', '', '', '', '', '', '', '', '', '', '', '', '', '', '', '', '', '');
INSERT INTO `db_test_one_a` VALUES ('259', '5066226184', '530627201408317114', '郎大旭', '2014-8-31', '云南省昭通市镇雄县场坝镇麻园村委会', '男', '汉族', '(返贫)建档立卡', '场坝镇', '昭通市镇雄县场坝镇麻园村', '正常参保', '', '', '', '', '', '', '', '', '', '', '', '', '', '', '', '', '', '', '');
INSERT INTO `db_test_one_a` VALUES ('260', '5066257121', '530627201512097166', '郎舒雅', '2015-12-9', '云南省昭通市镇雄县场坝镇麻园村委会', '女', '汉族', '(返贫)建档立卡', '场坝镇', '昭通市镇雄县场坝镇麻园村', '正常参保', '', '', '', '', '', '', '', '', '', '', '', '', '', '', '', '', '', '', '');
INSERT INTO `db_test_one_a` VALUES ('261', '5066222850', '530627200407167148', '申雷', '2004-7-16', '云南省昭通市镇雄县场坝镇场坝村委会', '女', '汉族', '(返贫)建档立卡', '场坝镇', '昭通市镇雄县场坝镇场坝村', '正常参保', '', '', '', '', '', '', '', '', '', '', '', '', '', '', '', '', '', '', '');
INSERT INTO `db_test_one_a` VALUES ('262', '5065723451', '53212820071020714X', '杨成荣', '2007-10-20', '镇雄县场坝镇场坝村杨家寨组', '女', '', '(返贫)建档立卡', '场坝镇', '昭通市镇雄县场坝镇场坝村', '正常参保', '', '', '', '', '', '', '', '', '', '', '', '', '', '', '', '', '', '', '');
INSERT INTO `db_test_one_a` VALUES ('263', '5066241255', '532128199803257116', '曾帅', '1998-3-25', '云南省昭通市镇雄县场坝镇场坝村委会', '男', '彝族', '(返贫)建档立卡', '场坝镇', '昭通市镇雄县场坝镇场坝村', '正常参保', '', '', '', '', '', '', '', '', '', '', '', '', '', '', '', '', '', '', '');
INSERT INTO `db_test_one_a` VALUES ('264', '5066248128', '532128200001067121', '曾英', '2000-1-6', '云南省昭通市镇雄县场坝镇场坝村委会', '女', '彝族', '(返贫)建档立卡', '场坝镇', '昭通市镇雄县场坝镇场坝村', '正常参保', '', '', '', '', '', '', '', '', '', '', '', '', '', '', '', '', '', '', '');
INSERT INTO `db_test_one_a` VALUES ('265', '5066257937', '530627199611107120', '刘世林', '1996-11-10', '云南省昭通市镇雄县场坝镇麻园村委会', '女', '汉族', '(返贫)建档立卡', '场坝镇', '昭通市镇雄县场坝镇麻园村', '正常参保', '', '', '', '', '', '', '', '', '', '', '', '', '', '', '', '', '', '', '');
INSERT INTO `db_test_one_a` VALUES ('266', '5066228660', '530627201207117175', '李浪', '2012-7-11', '云南省昭通市镇雄县场坝镇麻园村委会', '男', '汉族', '(返贫)建档立卡', '场坝镇', '昭通市镇雄县场坝镇麻园村', '正常参保', '', '', '', '', '', '', '', '', '', '', '', '', '', '', '', '', '', '', '');
INSERT INTO `db_test_one_a` VALUES ('267', '5066226189', '532128198803057144', '赵祖艳', '1988-3-5', '云南省昭通市镇雄县场坝镇麻园村委会', '女', '汉族', '(返贫)建档立卡', '场坝镇', '昭通市镇雄县场坝镇麻园村', '正常参保', '', '', '', '', '', '', '', '', '', '', '', '', '', '', '', '', '', '', '');
INSERT INTO `db_test_one_a` VALUES ('268', '5066226190', '530627201109017111', '鲁涛', '2011-9-1', '云南省昭通市镇雄县场坝镇麻园村委会', '男', '汉族', '(返贫)建档立卡', '场坝镇', '昭通市镇雄县场坝镇麻园村', '正常参保', '', '', '', '', '', '', '', '', '', '', '', '', '', '', '', '', '', '', '');
INSERT INTO `db_test_one_a` VALUES ('269', '5063168634', '532128193706287113', '晋方远', '1937-6-28', '镇雄县场坝镇麻园村杨家田坝组', '男', '汉族', '(返贫)建档立卡', '场坝镇', '昭通市镇雄县场坝镇麻园村', '正常参保', '', '', '', '', '', '', '', '', '', '', '', '', '', '', '', '', '', '', '');
INSERT INTO `db_test_one_a` VALUES ('270', '5063167641', '53212819340721714X', '彭文芝', '1934-7-21', '镇雄县场坝镇麻园村山背后组', '女', '汉族', '(返贫)建档立卡', '场坝镇', '昭通市镇雄县场坝镇麻园村', '正常参保', '', '', '', '', '', '', '', '', '', '', '', '', '', '', '', '', '', '', '');
INSERT INTO `db_test_one_a` VALUES ('271', '5066256773', '530627201207017182', '王玉缘', '2012-7-1', '云南省昭通市镇雄县场坝镇麻园村委会', '女', '汉族', '(返贫)建档立卡', '场坝镇', '昭通市镇雄县场坝镇麻园村', '正常参保', '', '', '', '', '', '', '', '', '', '', '', '', '', '', '', '', '', '', '');
INSERT INTO `db_test_one_a` VALUES ('272', '5063155491', '53212819990724714X', '刘世树', '1999-7-24', '镇雄县场坝镇麻园村发地坪子组', '女', '99', '(返贫)建档立卡', '场坝镇', '昭通市镇雄县场坝镇麻园村', '正常参保', '', '', '', '', '', '', '', '', '', '', '', '', '', '', '', '', '', '', '');
INSERT INTO `db_test_one_a` VALUES ('273', '5066238201', '532128199210247123', '鲁保会', '1992-10-24', '云南省昭通市镇雄县场坝镇麻园村委会', '女', '汉族', '(返贫)建档立卡', '场坝镇', '昭通市镇雄县场坝镇麻园村', '正常参保', '', '', '', '', '', '', '', '', '', '', '', '', '', '', '', '', '', '', '');
INSERT INTO `db_test_one_a` VALUES ('274', '5063165678', '530627199402157113', '付茂王', '1994-6-15', '镇雄县场坝镇麻园村挖噜槽组', '男', '99', '(返贫)建档立卡', '场坝镇', '昭通市镇雄县场坝镇麻园村', '正常参保', '', '', '', '', '', '', '', '', '', '', '', '', '', '', '', '', '', '', '');
INSERT INTO `db_test_one_a` VALUES ('275', '5066260013', '532128200404017110', '鲁保勇', '2004-4-1', '云南省昭通市镇雄县场坝镇麻园村委会', '男', '汉族', '(返贫)建档立卡', '场坝镇', '昭通市镇雄县场坝镇麻园村', '正常参保', '', '', '', '', '', '', '', '', '', '', '', '', '', '', '', '', '', '', '');
INSERT INTO `db_test_one_a` VALUES ('276', '5066229361', '532128197902247176', '刘松乾', '1979-2-24', '云南省昭通市镇雄县场坝镇麻园村委会', '男', '汉族', '(返贫)建档立卡', '场坝镇', '昭通市镇雄县场坝镇麻园村', '正常参保', '', '', '', '', '', '', '', '', '', '', '', '', '', '', '', '', '', '', '');
INSERT INTO `db_test_one_a` VALUES ('277', '5066221556', '532128197010137115', '李华兴', '1970-10-13', '云南省昭通市镇雄县场坝镇摩多村委会', '男', '汉族', '(返贫)建档立卡', '场坝镇', '昭通市镇雄县场坝镇摩多村', '正常参保', '', '', '', '', '', '', '', '', '', '', '', '', '', '', '', '', '', '', '');
INSERT INTO `db_test_one_a` VALUES ('278', '5063052447', '532128195602247124', '陈文妃', '1956-2-24', '镇雄县场坝镇摩多村窦家地组', '女', '汉族', '(返贫)建档立卡', '场坝镇', '昭通市镇雄县场坝镇摩多村', '正常参保', '', '', '', '', '', '', '', '', '', '', '', '', '', '', '', '', '', '', '');
INSERT INTO `db_test_one_a` VALUES ('279', '5066216546', '53212819731112713X', '邓成伦', '1973-11-12', '云南省昭通市镇雄县场坝镇摩多村委会', '男', '汉族', '(返贫)建档立卡', '场坝镇', '昭通市镇雄县场坝镇摩多村', '正常参保', '', '', '', '', '', '', '', '', '', '', '', '', '', '', '', '', '', '', '');
INSERT INTO `db_test_one_a` VALUES ('280', '5065723446', '53212819740518715X', '杨世义', '1974-5-18', '镇雄县场坝镇场坝村杨家寨组', '男', '', '(返贫)建档立卡', '场坝镇', '昭通市镇雄县场坝镇场坝村', '正常参保', '', '', '', '', '', '', '', '', '', '', '', '', '', '', '', '', '', '', '');
INSERT INTO `db_test_one_a` VALUES ('281', '5066240244', '530627200108107129', '王春林', '2001-8-10', '云南省昭通市镇雄县场坝镇场坝村委会', '女', '汉族', '(返贫)建档立卡', '场坝镇', '昭通市镇雄县场坝镇场坝村', '正常参保', '', '', '', '', '', '', '', '', '', '', '', '', '', '', '', '', '', '', '');
INSERT INTO `db_test_one_a` VALUES ('282', '5066255032', '532128197904037199', '王定全', '1979-4-3', '云南省昭通市镇雄县场坝镇场坝村委会', '男', '汉族', '(返贫)建档立卡', '场坝镇', '昭通市镇雄县场坝镇场坝村', '正常参保', '', '', '', '', '', '', '', '', '', '', '', '', '', '', '', '', '', '', '');
INSERT INTO `db_test_one_a` VALUES ('283', '5066238359', '530627200104107148', '罗萍', '2001-4-10', '云南省昭通市镇雄县场坝镇场坝村委会', '女', '汉族', '(返贫)建档立卡', '场坝镇', '昭通市镇雄县场坝镇场坝村', '正常参保', '', '', '', '', '', '', '', '', '', '', '', '', '', '', '', '', '', '', '');
INSERT INTO `db_test_one_a` VALUES ('284', '5066226184', '530627201408317114', '郎大旭', '2014-8-31', '云南省昭通市镇雄县场坝镇麻园村委会', '男', '汉族', '(返贫)建档立卡', '场坝镇', '昭通市镇雄县场坝镇麻园村', '正常参保', '', '', '', '', '', '', '', '', '', '', '', '', '', '', '', '', '', '', '');
INSERT INTO `db_test_one_a` VALUES ('285', '5066257121', '530627201512097166', '郎舒雅', '2015-12-9', '云南省昭通市镇雄县场坝镇麻园村委会', '女', '汉族', '(返贫)建档立卡', '场坝镇', '昭通市镇雄县场坝镇麻园村', '正常参保', '', '', '', '', '', '', '', '', '', '', '', '', '', '', '', '', '', '', '');

-- ----------------------------
-- Table structure for db_test_one_b
-- ----------------------------
DROP TABLE IF EXISTS `db_test_one_b`;
CREATE TABLE `db_test_one_b` (
  `id` int(11) NOT NULL AUTO_INCREMENT,
  `col0` varchar(255) NOT NULL DEFAULT '',
  `col1` varchar(255) NOT NULL DEFAULT '',
  `col2` varchar(255) NOT NULL DEFAULT '',
  `col3` varchar(255) NOT NULL DEFAULT '',
  `col4` varchar(255) NOT NULL DEFAULT '',
  `col5` varchar(255) NOT NULL DEFAULT '',
  `col6` varchar(255) NOT NULL DEFAULT '',
  `col7` varchar(255) NOT NULL DEFAULT '',
  `col8` varchar(255) NOT NULL DEFAULT '',
  `col9` varchar(255) NOT NULL DEFAULT '',
  `col10` varchar(255) NOT NULL DEFAULT '',
  `col11` varchar(255) NOT NULL DEFAULT '',
  `col12` varchar(255) NOT NULL DEFAULT '',
  `col13` varchar(255) NOT NULL DEFAULT '',
  `col14` varchar(255) NOT NULL DEFAULT '',
  `col15` varchar(255) NOT NULL DEFAULT '',
  `col16` varchar(255) NOT NULL DEFAULT '',
  `col17` varchar(255) NOT NULL DEFAULT '',
  `col18` varchar(255) NOT NULL DEFAULT '',
  `col19` varchar(255) NOT NULL DEFAULT '',
  `col20` varchar(255) NOT NULL DEFAULT '',
  `col21` varchar(255) NOT NULL DEFAULT '',
  `col22` varchar(255) NOT NULL DEFAULT '',
  `col23` varchar(255) NOT NULL DEFAULT '',
  `col24` varchar(255) NOT NULL DEFAULT '',
  `col25` varchar(255) NOT NULL DEFAULT '',
  `col26` varchar(255) NOT NULL DEFAULT '',
  `col27` varchar(255) NOT NULL DEFAULT '',
  `col28` varchar(255) NOT NULL DEFAULT '',
  `col29` varchar(255) NOT NULL DEFAULT '',
  PRIMARY KEY (`id`)
) ENGINE=InnoDB DEFAULT CHARSET=utf8;

-- ----------------------------
-- Records of db_test_one_b
-- ----------------------------

-- ----------------------------
-- Table structure for db_test_two_a
-- ----------------------------
DROP TABLE IF EXISTS `db_test_two_a`;
CREATE TABLE `db_test_two_a` (
  `id` int(11) NOT NULL AUTO_INCREMENT,
  `col0` varchar(255) NOT NULL DEFAULT '',
  `col1` varchar(255) NOT NULL DEFAULT '',
  `col2` varchar(255) NOT NULL DEFAULT '',
  `col3` varchar(255) NOT NULL DEFAULT '',
  `col4` varchar(255) NOT NULL DEFAULT '',
  `col5` varchar(255) NOT NULL DEFAULT '',
  `col6` varchar(255) NOT NULL DEFAULT '',
  `col7` varchar(255) NOT NULL DEFAULT '',
  `col8` varchar(255) NOT NULL DEFAULT '',
  `col9` varchar(255) NOT NULL DEFAULT '',
  `col10` varchar(255) NOT NULL DEFAULT '',
  `col11` varchar(255) NOT NULL DEFAULT '',
  `col12` varchar(255) NOT NULL DEFAULT '',
  `col13` varchar(255) NOT NULL DEFAULT '',
  `col14` varchar(255) NOT NULL DEFAULT '',
  `col15` varchar(255) NOT NULL DEFAULT '',
  `col16` varchar(255) NOT NULL DEFAULT '',
  `col17` varchar(255) NOT NULL DEFAULT '',
  `col18` varchar(255) NOT NULL DEFAULT '',
  `col19` varchar(255) NOT NULL DEFAULT '',
  `col20` varchar(255) NOT NULL DEFAULT '',
  `col21` varchar(255) NOT NULL DEFAULT '',
  `col22` varchar(255) NOT NULL DEFAULT '',
  `col23` varchar(255) NOT NULL DEFAULT '',
  `col24` varchar(255) NOT NULL DEFAULT '',
  `col25` varchar(255) NOT NULL DEFAULT '',
  `col26` varchar(255) NOT NULL DEFAULT '',
  `col27` varchar(255) NOT NULL DEFAULT '',
  `col28` varchar(255) NOT NULL DEFAULT '',
  `col29` varchar(255) NOT NULL DEFAULT '',
  PRIMARY KEY (`id`)
) ENGINE=InnoDB AUTO_INCREMENT=31 DEFAULT CHARSET=utf8;

-- ----------------------------
-- Records of db_test_two_a
-- ----------------------------
INSERT INTO `db_test_two_a` VALUES ('1', '4', '镇雄县', '中屯镇', '中屯村委会', '十八亩', '85300000040106', '85300008041559', '谭卓绩', '530627201003290531', '5', '之孙子', '汉族', '', '小学', '健康', '无劳动力', '', '0', '是', '未脱贫', '', '一般贫困户', '因病', '否', '是', '否', '3769.35', '14787050236', '', '');
INSERT INTO `db_test_two_a` VALUES ('2', '5', '镇雄县', '中屯镇', '中屯村委会', '十八亩', '85300000040106', '85300012126686', '谭文凯', '530627201205140531', '5', '之孙子', '汉族', '学龄前儿童', '非在校生', '健康', '无劳动力', '', '0', '是', '未脱贫', '', '一般贫困户', '因病', '否', '是', '否', '3769.35', '14787050236', '', '');
INSERT INTO `db_test_two_a` VALUES ('3', '6', '镇雄县', '中屯镇', '中屯村委会', '十八亩', '85300000040124', '85300012341105', '何青贵', '532128195611100511', '4', '户主', '汉族', '小学', '非在校生', '患有大病', '无劳动力', '', '0', '是', '未脱贫', '', '一般贫困户', '因病', '否', '是', '否', '3570.96', '18287036334', '', '');
INSERT INTO `db_test_two_a` VALUES ('4', '1', '镇雄县', '中屯镇', '中屯村委会', '十八亩', '85300000040106', '85300014488092', '谭家桥-不在b表', '532128196310050510', '5', '户主', '汉族', '小学', '非在校生', '长期慢性病', '普通劳动力', '', '4', '是', '未脱贫', '', '一般贫困户', '因病', '否', '是', '否', '3769.35', '14787050236', '', '');
INSERT INTO `db_test_two_a` VALUES ('5', '2', '镇雄县', '中屯镇', '中屯村委会', '十八亩', '85300000040106', '85300015562730', '廖家菊', '532128196607140523', '5', '配偶', '汉族', '小学', '非在校生', '健康', '普通劳动力', '', '0', '是', '未脱贫', '', '一般贫困户', '因病', '否', '是', '否', '3769.35', '14787050236', '', '');
INSERT INTO `db_test_two_a` VALUES ('6', '3', '镇雄县', '中屯镇', '中屯村委会', '十八亩', '85300000040106', '85300004386164', '谭耀祖', '530627201105220518', '5', '之孙子', '汉族', '学龄前儿童', '学前教育', '健康', '无劳动力', '', '0', '是', '未脱贫', '', '一般贫困户', '因病', '否', '是', '否', '3769.35', '14787050236', '', '');
INSERT INTO `db_test_two_a` VALUES ('7', '13', '镇雄县', '中屯镇', '中屯村委会', '十八亩', '85300000040138', '85300012126690', '吴玉梅', '532128199312060546', '4', '之女', '汉族', '大专及以上', '非在校生', '健康', '普通劳动力', '县外省内务工', '2', '是', '已脱贫（享受政策）', '2017年底', '低保户', '因学', '否', '是', '否', '3603.01', '15750160449', '', '');
INSERT INTO `db_test_two_a` VALUES ('8', '14', '镇雄县', '中屯镇', '中屯村委会', '长房子', '85300000052231', '85300006751230', '刘明祥', '532128196006010512', '6', '户主', '汉族', '初中', '非在校生', '健康', '普通劳动力', '乡（镇）内务工', '8', '是', '已脱贫（享受政策）', '2017年底', '低保户', '因病', '否', '是', '否', '4465.33', '13769808948', '', '');
INSERT INTO `db_test_two_a` VALUES ('9', '15', '镇雄县', '中屯镇', '中屯村委会', '长房子', '85300000052231', '85300012127447', '谭会菊', '532128195909300524', '6', '配偶', '汉族', '小学', '非在校生', '长期慢性病', '普通劳动力', '', '', '是', '已脱贫（享受政策）', '2017年底', '低保户', '因病', '否', '是', '否', '4465.33', '13769808948', '', '');
INSERT INTO `db_test_two_a` VALUES ('10', '10', '镇雄县', '中屯镇', '中屯村委会', '十八亩', '85300000040138', '85300014488095', '成联彩', '532128196803100625', '4', '户主', '汉族', '小学', '非在校生', '健康', '普通劳动力', '县外省内务工', '2', '是', '已脱贫（享受政策）', '2017年底', '低保户', '因学', '否', '是', '否', '3603.01', '15750160449', '', '');
INSERT INTO `db_test_two_a` VALUES ('11', '11', '镇雄县', '中屯镇', '中屯村委会', '十八亩', '85300000040138', '85300002667031', '吴红帅', '532128199806050532', '4', '之子', '汉族', '', '大专及以上', '健康', '无劳动力', '', '0', '是', '已脱贫（享受政策）', '2017年底', '低保户', '因学', '否', '是', '否', '3603.01', '15750160449', '', '');
INSERT INTO `db_test_two_a` VALUES ('12', '12', '镇雄县', '中屯镇', '中屯村委会', '十八亩', '85300000040138', '85300014917729', '吴龙云', '53212819951105051914', '4', '之子', '汉族', '大专及以上', '大专及以上', '残疾', '无劳动力', '', '0', '是', '已脱贫（享受政策）', '2017年底', '低保户', '因学', '否', '是', '否', '3603.01', '15750160449', '', '');
INSERT INTO `db_test_two_a` VALUES ('13', '22', '镇雄县', '中屯镇', '中屯村委会', '界碑石', '85300000052391', '85300010409571', '罗孝飞', '532128196801060527', '3', '户主', '彝族', '小学', '非在校生', '健康', '普通劳动力', '', '', '是', '未脱贫', '', '一般贫困户', '缺土地', '是', '是', '否', '2424.24', '15987018427', '', '');
INSERT INTO `db_test_two_a` VALUES ('14', '23', '镇雄县', '中屯镇', '中屯村委会', '界碑石', '85300000052391', '85300002239247', '王天云', '532128199607120518', '3', '之子', '彝族', '小学', '非在校生', '健康', '普通劳动力', '', '3', '是', '未脱贫', '', '一般贫困户', '缺土地', '是', '是', '否', '2424.24', '15987018427', '', '');
INSERT INTO `db_test_two_a` VALUES ('15', '24', '镇雄县', '中屯镇', '中屯村委会', '界碑石', '85300000052391', '85300007396480', '王天文', '532128199308060535', '3', '之子', '彝族', '小学', '非在校生', '健康', '普通劳动力', '', '3', '是', '未脱贫', '', '一般贫困户', '缺土地', '是', '是', '否', '2424.24', '15987018427', '', '');
INSERT INTO `db_test_two_a` VALUES ('16', '25', '镇雄县', '中屯镇', '中屯村委会', '界碑石', '85300000052397', '85300008688088', '曹必江', '532128198609130512', '4', '户主', '汉族', '小学', '非在校生', '健康', '普通劳动力', '省外务工', '4', '是', '未脱贫', '', '一般贫困户', '缺技术', '否', '是', '否', '4174.2', '18388743716', '', '');
INSERT INTO `db_test_two_a` VALUES ('17', '26', '镇雄县', '中屯镇', '中屯村委会', '界碑石', '85300000052397', '85300010838225', '文妹', '532128198912250322', '4', '配偶', '彝族', '小学', '非在校生', '健康', '普通劳动力', '省外务工', '6', '是', '未脱贫', '', '一般贫困户', '缺技术', '否', '是', '否', '4174.2', '18388743716', '', '');
INSERT INTO `db_test_two_a` VALUES ('18', '27', '镇雄县', '中屯镇', '中屯村委会', '界碑石', '85300000052397', '85300003743008', '曹自豪', '530627200911060534', '4', '之子', '汉族', '', '小学', '健康', '无劳动力', '', '0', '是', '未脱贫', '', '一般贫困户', '缺技术', '否', '是', '否', '4174.2', '18388743716', '', '');
INSERT INTO `db_test_two_a` VALUES ('19', '16', '镇雄县', '中屯镇', '中屯村委会', '长房子', '85300000052231', '85300008257677', '刘兴隆', '532128199612200512', '6', '之子', '汉族', '高中', '非在校生', '健康', '普通劳动力', '', '', '是', '已脱贫（享受政策）', '2017年底', '低保户', '因病', '否', '是', '否', '4465.33', '13769808948', '', '');
INSERT INTO `db_test_two_a` VALUES ('20', '17', '镇雄县', '中屯镇', '中屯村委会', '长房子', '85300000052231', '85300013630144', '刘斌', '532128199307110510', '6', '之子', '汉族', '大专及以上', '大专及以上', '患有大病', '无劳动力', '', '0', '是', '已脱贫（享受政策）', '2017年底', '低保户', '因病', '否', '是', '否', '4465.33', '13769808948', '', '');
INSERT INTO `db_test_two_a` VALUES ('21', '18', '镇雄县', '中屯镇', '中屯村委会', '长房子', '85300000052231', '85300003527532', '刘春燕', '532128199903240522', '6', '之女', '汉族', '初中', '非在校生', '健康', '普通劳动力', '乡（镇）外县内务工', '8', '是', '已脱贫（享受政策）', '2017年底', '低保户', '因病', '否', '是', '否', '4465.33', '13769808948', '', '');
INSERT INTO `db_test_two_a` VALUES ('22', '19', '镇雄县', '中屯镇', '中屯村委会', '长房子', '85300000052231', '5500000171599327', '刘春琴', '532128199205050609', '6', '之女', '汉族', '大专及以上', '大专及以上', '健康', '无劳动力', '', '', '是', '已脱贫（享受政策）', '2017年底', '低保户', '因病', '否', '是', '否', '4465.33', '13769808948', '', '');
INSERT INTO `db_test_two_a` VALUES ('23', '20', '镇雄县', '中屯镇', '中屯村委会', '界碑石', '85300000052380', '85300006320613', '安凤明', '532128194902280546', '2', '户主', '彝族', '小学', '非在校生', '健康', '无劳动力', '', '0', '是', '未脱贫', '', '一般贫困户', '缺劳力', '否', '是', '否', '4663.27', '18287023423', '', '');
INSERT INTO `db_test_two_a` VALUES ('24', '21', '镇雄县', '中屯镇', '中屯村委会', '界碑石', '85300000052380', '85300013414955', '王云昌', '53212819900924051X', '2', '之子', '彝族', '初中', '非在校生', '健康', '普通劳动力', '省外务工', '4', '是', '未脱贫', '', '一般贫困户', '缺劳力', '否', '是', '否', '4663.27', '18287023423', '', '');
INSERT INTO `db_test_two_a` VALUES ('25', '7', '镇雄县', '中屯镇', '中屯村委会', '十八亩', '85300000040124', '85300002452677', '成忠巧', '532128196103060546', '4', '配偶', '汉族', '小学', '非在校生', '患有大病', '普通劳动力', '省外务工', '4', '是', '未脱贫', '', '一般贫困户', '因病', '否', '是', '否', '3570.96', '18287036334', '', '');
INSERT INTO `db_test_two_a` VALUES ('26', '8', '镇雄县', '中屯镇', '中屯村委会', '十八亩', '85300000040124', '85300009978288', '何宗', '532128199412060519', '4', '之子', '汉族', '小学', '非在校生', '健康', '普通劳动力', '', '0', '是', '未脱贫', '', '一般贫困户', '因病', '否', '是', '否', '3570.96', '18287036334', '', '');
INSERT INTO `db_test_two_a` VALUES ('27', '9', '镇雄县', '中屯镇', '中屯村委会', '十八亩', '85300000040124', '85300011696505', '何平', '532128199612150535', '4', '之子', '汉族', '小学', '非在校生', '健康', '普通劳动力', '', '0', '是', '未脱贫', '', '一般贫困户', '因病', '否', '是', '否', '3570.96', '18287036334', '', '');
INSERT INTO `db_test_two_a` VALUES ('28', '28', '镇雄县', '中屯镇', '中屯村委会', '界碑石', '85300000052397', '85300009764643', '曹丝雨', '53062720110212052X', '4', '之女', '汉族', '', '小学', '健康', '无劳动力', '', '0', '是', '未脱贫', '', '一般贫困户', '缺技术', '否', '是', '否', '4174.2', '18388743716', '', '');
INSERT INTO `db_test_two_a` VALUES ('29', '29', '镇雄县', '中屯镇', '中屯村委会', '唐房', '85300000059961', '85300002668256', '翟思顺', '532128197007160533', '8', '户主', '汉族', '小学', '非在校生', '健康', '普通劳动力', '省外务工', '10', '是', '已脱贫（享受政策）', '2015年底', '一般农户', '缺技术', '否', '是', '否', '12756.58', '18388711698', '', '');
INSERT INTO `db_test_two_a` VALUES ('30', '30', '镇雄县', '中屯镇', '中屯村委会', '唐房', '85300000059961', '85300003743447', '吉燕', '532128196608200567', '8', '配偶', '汉族', '小学', '非在校生', '健康', '普通劳动力', '省外务工', '10', '是', '已脱贫（享受政策）', '2015年底', '一般农户', '缺技术', '否', '是', '否', '12756.58', '18388711698', '', '');

-- ----------------------------
-- Table structure for db_test_two_b
-- ----------------------------
DROP TABLE IF EXISTS `db_test_two_b`;
CREATE TABLE `db_test_two_b` (
  `id` int(11) NOT NULL AUTO_INCREMENT,
  `col0` varchar(255) NOT NULL DEFAULT '',
  `col1` varchar(255) NOT NULL DEFAULT '',
  `col2` varchar(255) NOT NULL DEFAULT '',
  `col3` varchar(255) NOT NULL DEFAULT '',
  `col4` varchar(255) NOT NULL DEFAULT '',
  `col5` varchar(255) NOT NULL DEFAULT '',
  `col6` varchar(255) NOT NULL DEFAULT '',
  `col7` varchar(255) NOT NULL DEFAULT '',
  `col8` varchar(255) NOT NULL DEFAULT '',
  `col9` varchar(255) NOT NULL DEFAULT '',
  `col10` varchar(255) NOT NULL DEFAULT '',
  `col11` varchar(255) NOT NULL DEFAULT '',
  `col12` varchar(255) NOT NULL DEFAULT '',
  `col13` varchar(255) NOT NULL DEFAULT '',
  `col14` varchar(255) NOT NULL DEFAULT '',
  `col15` varchar(255) NOT NULL DEFAULT '',
  `col16` varchar(255) NOT NULL DEFAULT '',
  `col17` varchar(255) NOT NULL DEFAULT '',
  `col18` varchar(255) NOT NULL DEFAULT '',
  `col19` varchar(255) NOT NULL DEFAULT '',
  `col20` varchar(255) NOT NULL DEFAULT '',
  `col21` varchar(255) NOT NULL DEFAULT '',
  `col22` varchar(255) NOT NULL DEFAULT '',
  `col23` varchar(255) NOT NULL DEFAULT '',
  `col24` varchar(255) NOT NULL DEFAULT '',
  `col25` varchar(255) NOT NULL DEFAULT '',
  `col26` varchar(255) NOT NULL DEFAULT '',
  `col27` varchar(255) NOT NULL DEFAULT '',
  `col28` varchar(255) NOT NULL DEFAULT '',
  `col29` varchar(255) NOT NULL DEFAULT '',
  PRIMARY KEY (`id`)
) ENGINE=InnoDB DEFAULT CHARSET=utf8;

-- ----------------------------
-- Records of db_test_two_b
-- ----------------------------

-- ----------------------------
-- Table structure for db_user_headertitle
-- ----------------------------
DROP TABLE IF EXISTS `db_user_headertitle`;
CREATE TABLE `db_user_headertitle` (
  `id` int(11) NOT NULL AUTO_INCREMENT,
  `user_id` int(2) DEFAULT NULL COMMENT '用户id',
  `table_type` int(2) DEFAULT NULL COMMENT '数据源类型，源1是1  和 源2 是2 ',
  `header_col` varchar(10) DEFAULT NULL COMMENT '第几列，用col1表示',
  `header_title` varchar(100) DEFAULT NULL COMMENT '表头名称',
  PRIMARY KEY (`id`)
) ENGINE=InnoDB AUTO_INCREMENT=339 DEFAULT CHARSET=utf8;

-- ----------------------------
-- Records of db_user_headertitle
-- ----------------------------
INSERT INTO `db_user_headertitle` VALUES ('201', '15', '2', 'col0', '序号');
INSERT INTO `db_user_headertitle` VALUES ('202', '15', '2', 'col1', '县(市、区、旗)');
INSERT INTO `db_user_headertitle` VALUES ('203', '15', '2', 'col2', '乡(镇)');
INSERT INTO `db_user_headertitle` VALUES ('204', '15', '2', 'col3', '行政村');
INSERT INTO `db_user_headertitle` VALUES ('205', '15', '2', 'col4', '自然村');
INSERT INTO `db_user_headertitle` VALUES ('206', '15', '2', 'col5', '户编号');
INSERT INTO `db_user_headertitle` VALUES ('207', '15', '2', 'col6', '人编号');
INSERT INTO `db_user_headertitle` VALUES ('208', '15', '2', 'col7', '姓名');
INSERT INTO `db_user_headertitle` VALUES ('209', '15', '2', 'col8', '证件号码');
INSERT INTO `db_user_headertitle` VALUES ('210', '15', '2', 'col9', '人数');
INSERT INTO `db_user_headertitle` VALUES ('211', '15', '2', 'col10', '与户主关系');
INSERT INTO `db_user_headertitle` VALUES ('212', '15', '2', 'col11', '民族');
INSERT INTO `db_user_headertitle` VALUES ('213', '15', '2', 'col12', '文化程度');
INSERT INTO `db_user_headertitle` VALUES ('214', '15', '2', 'col13', '在校生状况');
INSERT INTO `db_user_headertitle` VALUES ('215', '15', '2', 'col14', '健康状况');
INSERT INTO `db_user_headertitle` VALUES ('216', '15', '2', 'col15', '劳动技能');
INSERT INTO `db_user_headertitle` VALUES ('217', '15', '2', 'col16', '务工状况');
INSERT INTO `db_user_headertitle` VALUES ('218', '15', '2', 'col17', '务工时间（月）');
INSERT INTO `db_user_headertitle` VALUES ('219', '15', '2', 'col18', '参加大病医疗');
INSERT INTO `db_user_headertitle` VALUES ('220', '15', '2', 'col19', '脱贫属性');
INSERT INTO `db_user_headertitle` VALUES ('221', '15', '2', 'col20', '脱贫年度');
INSERT INTO `db_user_headertitle` VALUES ('222', '15', '2', 'col21', '贫困户属性');
INSERT INTO `db_user_headertitle` VALUES ('223', '15', '2', 'col22', '主要致贫原因');
INSERT INTO `db_user_headertitle` VALUES ('224', '15', '2', 'col23', '危房户');
INSERT INTO `db_user_headertitle` VALUES ('225', '15', '2', 'col24', '饮水安全');
INSERT INTO `db_user_headertitle` VALUES ('226', '15', '2', 'col25', '饮水困难');
INSERT INTO `db_user_headertitle` VALUES ('227', '15', '2', 'col26', '人均纯收入');
INSERT INTO `db_user_headertitle` VALUES ('228', '15', '2', 'col27', '联系电话');
INSERT INTO `db_user_headertitle` VALUES ('328', '15', '1', 'col0', '卡号');
INSERT INTO `db_user_headertitle` VALUES ('329', '15', '1', 'col1', '身份证号');
INSERT INTO `db_user_headertitle` VALUES ('330', '15', '1', 'col2', '姓名');
INSERT INTO `db_user_headertitle` VALUES ('331', '15', '1', 'col3', '出生日期');
INSERT INTO `db_user_headertitle` VALUES ('332', '15', '1', 'col4', '地址');
INSERT INTO `db_user_headertitle` VALUES ('333', '15', '1', 'col5', '性别');
INSERT INTO `db_user_headertitle` VALUES ('334', '15', '1', 'col6', '民族');
INSERT INTO `db_user_headertitle` VALUES ('335', '15', '1', 'col7', '人员属性');
INSERT INTO `db_user_headertitle` VALUES ('336', '15', '1', 'col8', '乡镇');
INSERT INTO `db_user_headertitle` VALUES ('337', '15', '1', 'col9', '村委会');
INSERT INTO `db_user_headertitle` VALUES ('338', '15', '1', 'col10', '参保状态');

-- ----------------------------
-- Table structure for organization
-- ----------------------------
DROP TABLE IF EXISTS `organization`;
CREATE TABLE `organization` (
  `id` bigint(19) NOT NULL AUTO_INCREMENT COMMENT '主键id',
  `name` varchar(64) NOT NULL COMMENT '组织名',
  `address` varchar(100) DEFAULT NULL COMMENT '地址',
  `code` varchar(64) NOT NULL COMMENT '编号',
  `icon` varchar(32) DEFAULT NULL COMMENT '图标',
  `pid` bigint(19) DEFAULT NULL COMMENT '父级主键',
  `seq` tinyint(2) NOT NULL DEFAULT '0' COMMENT '排序',
  `create_time` datetime NOT NULL COMMENT '创建时间',
  PRIMARY KEY (`id`)
) ENGINE=InnoDB AUTO_INCREMENT=7 DEFAULT CHARSET=utf8 COMMENT='组织机构';

-- ----------------------------
-- Records of organization
-- ----------------------------
INSERT INTO `organization` VALUES ('1', '总经办', '王家桥', '01', 'fi-social-windows', null, '0', '2014-02-19 01:00:00');
INSERT INTO `organization` VALUES ('3', '技术部', '', '02', 'fi-social-github', null, '1', '2015-10-01 13:10:42');
INSERT INTO `organization` VALUES ('5', '产品部', '', '03', 'fi-social-apple', null, '2', '2015-12-06 12:15:30');
INSERT INTO `organization` VALUES ('6', '测试组', '', '04', 'fi-social-snapchat', '3', '0', '2015-12-06 13:12:18');

-- ----------------------------
-- Table structure for resource
-- ----------------------------
DROP TABLE IF EXISTS `resource`;
CREATE TABLE `resource` (
  `id` bigint(19) NOT NULL AUTO_INCREMENT COMMENT '主键',
  `name` varchar(64) NOT NULL COMMENT '资源名称',
  `url` varchar(100) DEFAULT NULL COMMENT '资源路径',
  `open_mode` varchar(32) DEFAULT NULL COMMENT '打开方式 ajax,iframe',
  `description` varchar(255) DEFAULT NULL COMMENT '资源介绍',
  `icon` varchar(32) DEFAULT NULL COMMENT '资源图标',
  `pid` bigint(19) DEFAULT NULL COMMENT '父级资源id',
  `seq` tinyint(2) NOT NULL DEFAULT '0' COMMENT '排序',
  `status` tinyint(2) NOT NULL DEFAULT '0' COMMENT '状态',
  `opened` tinyint(2) NOT NULL DEFAULT '1' COMMENT '打开状态',
  `resource_type` tinyint(2) NOT NULL DEFAULT '0' COMMENT '资源类别',
  `create_time` datetime NOT NULL COMMENT '创建时间',
  PRIMARY KEY (`id`)
) ENGINE=InnoDB AUTO_INCREMENT=240 DEFAULT CHARSET=utf8 COMMENT='资源';

-- ----------------------------
-- Records of resource
-- ----------------------------
INSERT INTO `resource` VALUES ('1', '权限管理', '', null, '系统管理', 'fi-folder', null, '0', '0', '1', '0', '2014-02-19 01:00:00');
INSERT INTO `resource` VALUES ('11', '资源管理', '/resource/manager', 'ajax', '资源管理', 'fi-database', '1', '1', '0', '1', '0', '2014-02-19 01:00:00');
INSERT INTO `resource` VALUES ('12', '角色管理', '/role/manager', 'ajax', '角色管理', 'fi-torso-business', '1', '2', '0', '1', '0', '2014-02-19 01:00:00');
INSERT INTO `resource` VALUES ('13', '用户管理', '/user/manager', 'ajax', '用户管理', 'fi-torsos-all', '1', '3', '0', '1', '0', '2014-02-19 01:00:00');
INSERT INTO `resource` VALUES ('14', '部门管理', '/organization/manager', 'ajax', '部门管理', 'fi-results-demographics', '1', '4', '0', '1', '0', '2014-02-19 01:00:00');
INSERT INTO `resource` VALUES ('111', '列表', '/resource/treeGrid', 'ajax', '资源列表', 'fi-list', '11', '0', '0', '1', '1', '2014-02-19 01:00:00');
INSERT INTO `resource` VALUES ('112', '添加', '/resource/add', 'ajax', '资源添加', 'fi-page-add', '11', '0', '0', '1', '1', '2014-02-19 01:00:00');
INSERT INTO `resource` VALUES ('113', '编辑', '/resource/edit', 'ajax', '资源编辑', 'fi-page-edit', '11', '0', '0', '1', '1', '2014-02-19 01:00:00');
INSERT INTO `resource` VALUES ('114', '删除', '/resource/delete', 'ajax', '资源删除', 'fi-page-delete', '11', '0', '0', '1', '1', '2014-02-19 01:00:00');
INSERT INTO `resource` VALUES ('121', '列表', '/role/dataGrid', 'ajax', '角色列表', 'fi-list', '12', '0', '0', '1', '1', '2014-02-19 01:00:00');
INSERT INTO `resource` VALUES ('122', '添加', '/role/add', 'ajax', '角色添加', 'fi-page-add', '12', '0', '0', '1', '1', '2014-02-19 01:00:00');
INSERT INTO `resource` VALUES ('123', '编辑', '/role/edit', 'ajax', '角色编辑', 'fi-page-edit', '12', '0', '0', '1', '1', '2014-02-19 01:00:00');
INSERT INTO `resource` VALUES ('124', '删除', '/role/delete', 'ajax', '角色删除', 'fi-page-delete', '12', '0', '0', '1', '1', '2014-02-19 01:00:00');
INSERT INTO `resource` VALUES ('125', '授权', '/role/grant', 'ajax', '角色授权', 'fi-check', '12', '0', '0', '1', '1', '2014-02-19 01:00:00');
INSERT INTO `resource` VALUES ('131', '列表', '/user/dataGrid', 'ajax', '用户列表', 'fi-list', '13', '0', '0', '1', '1', '2014-02-19 01:00:00');
INSERT INTO `resource` VALUES ('132', '添加', '/user/add', 'ajax', '用户添加', 'fi-page-add', '13', '0', '0', '1', '1', '2014-02-19 01:00:00');
INSERT INTO `resource` VALUES ('133', '编辑', '/user/edit', 'ajax', '用户编辑', 'fi-page-edit', '13', '0', '0', '1', '1', '2014-02-19 01:00:00');
INSERT INTO `resource` VALUES ('134', '删除', '/user/delete', 'ajax', '用户删除', 'fi-page-delete', '13', '0', '0', '1', '1', '2014-02-19 01:00:00');
INSERT INTO `resource` VALUES ('141', '列表', '/organization/treeGrid', 'ajax', '用户列表', 'fi-list', '14', '0', '0', '1', '1', '2014-02-19 01:00:00');
INSERT INTO `resource` VALUES ('142', '添加', '/organization/add', 'ajax', '部门添加', 'fi-page-add', '14', '0', '0', '1', '1', '2014-02-19 01:00:00');
INSERT INTO `resource` VALUES ('143', '编辑', '/organization/edit', 'ajax', '部门编辑', 'fi-page-edit', '14', '0', '0', '1', '1', '2014-02-19 01:00:00');
INSERT INTO `resource` VALUES ('144', '删除', '/organization/delete', 'ajax', '部门删除', 'fi-page-delete', '14', '0', '0', '1', '1', '2014-02-19 01:00:00');
INSERT INTO `resource` VALUES ('221', '日志监控', '', null, null, 'fi-folder', null, '3', '0', '0', '0', '2015-12-01 11:44:20');
INSERT INTO `resource` VALUES ('222', '视频教程', '', null, null, 'fi-folder', null, '2', '0', '0', '0', '2015-12-06 12:40:42');
INSERT INTO `resource` VALUES ('223', '官方网站', 'https://www.dreamlu.net', 'iframe', null, 'fi-home', '222', '0', '0', '1', '0', '2015-12-06 12:42:42');
INSERT INTO `resource` VALUES ('224', 'jfinal视频', 'http://blog.dreamlu.net/blog/79', 'iframe', null, 'fi-video', '222', '1', '0', '1', '0', '2015-12-06 12:45:28');
INSERT INTO `resource` VALUES ('226', '修改密码', '/user/editPwdPage', 'ajax', null, 'fi-unlock', null, '4', '0', '1', '1', '2015-12-07 20:23:06');
INSERT INTO `resource` VALUES ('227', '登录日志', '/sysLog/manager', 'ajax', null, 'fi-info', '221', '0', '0', '1', '0', '2016-09-30 22:10:53');
INSERT INTO `resource` VALUES ('228', 'Druid监控', '/druid', 'iframe', null, 'fi-monitor', '221', '0', '0', '1', '0', '2016-09-30 22:12:50');
INSERT INTO `resource` VALUES ('229', '系统图标', '/icons.html', 'ajax', null, 'fi-photo', '221', '0', '0', '1', '0', '2016-12-24 15:53:47');
INSERT INTO `resource` VALUES ('230', '文章管理', '', 'ajax', null, 'fi-page-multiple', null, '1', '0', '0', '0', '2016-12-24 15:53:47');
INSERT INTO `resource` VALUES ('231', '新建文章', '/article/create', 'ajax', null, 'fi-page-edit', '230', '0', '0', '1', '0', '2016-12-24 15:53:47');
INSERT INTO `resource` VALUES ('232', '导入表', '/importtwo/indexonea', 'ajax', null, 'fi-monitor', '235', '0', '0', '1', '0', '2018-10-23 17:23:09');
INSERT INTO `resource` VALUES ('233', '表信息管理', '/deltable/index', '', null, 'fi-monitor', '235', '0', '0', '1', '0', '2018-10-26 11:23:28');
INSERT INTO `resource` VALUES ('234', '对比', '/dbexport/index', '', null, 'fi-monitor', '235', '0', '0', '1', '0', '2018-10-26 14:51:21');
INSERT INTO `resource` VALUES ('235', '数据清洗功能', '', '', null, 'fi-folder', null, '0', '0', '1', '0', '2018-10-27 09:39:38');
INSERT INTO `resource` VALUES ('236', '数据清洗细功能', '', '', null, '', null, '0', '0', '1', '0', '2018-11-07 16:36:52');
INSERT INTO `resource` VALUES ('237', '导入表', '/importtwoclean/indexonea', '', null, '', '236', '0', '0', '1', '0', '2018-11-07 16:38:03');
INSERT INTO `resource` VALUES ('238', '数据清洗功能', '/dbexportclean/index', null, null, '', '236', '0', '0', '1', '0', '2018-11-12 15:20:18');
INSERT INTO `resource` VALUES ('239', '清空数据源数据', '/deltable/indexclean', null, null, '', '236', '0', '0', '1', '0', '2018-11-12 17:13:20');

-- ----------------------------
-- Table structure for role
-- ----------------------------
DROP TABLE IF EXISTS `role`;
CREATE TABLE `role` (
  `id` bigint(19) NOT NULL AUTO_INCREMENT COMMENT '主键id',
  `name` varchar(64) NOT NULL COMMENT '角色名',
  `seq` tinyint(2) NOT NULL DEFAULT '0' COMMENT '排序号',
  `description` varchar(255) DEFAULT NULL COMMENT '简介',
  `status` tinyint(2) NOT NULL DEFAULT '0' COMMENT '状态',
  PRIMARY KEY (`id`)
) ENGINE=InnoDB AUTO_INCREMENT=9 DEFAULT CHARSET=utf8 COMMENT='角色';

-- ----------------------------
-- Records of role
-- ----------------------------
INSERT INTO `role` VALUES ('1', 'admin', '0', '超级管理员', '0');
INSERT INTO `role` VALUES ('2', 'de', '0', '技术部经理', '0');
INSERT INTO `role` VALUES ('7', 'pm', '0', '产品部经理', '0');
INSERT INTO `role` VALUES ('8', 'test', '0', '测试账户', '0');

-- ----------------------------
-- Table structure for role_resource
-- ----------------------------
DROP TABLE IF EXISTS `role_resource`;
CREATE TABLE `role_resource` (
  `id` bigint(19) NOT NULL AUTO_INCREMENT COMMENT '主键id',
  `role_id` bigint(19) NOT NULL COMMENT '角色id',
  `resource_id` bigint(19) NOT NULL COMMENT '资源id',
  PRIMARY KEY (`id`),
  KEY `idx_role_resource_ids` (`role_id`,`resource_id`) USING BTREE
) ENGINE=InnoDB AUTO_INCREMENT=704 DEFAULT CHARSET=utf8 COMMENT='角色资源';

-- ----------------------------
-- Records of role_resource
-- ----------------------------
INSERT INTO `role_resource` VALUES ('665', '1', '1');
INSERT INTO `role_resource` VALUES ('666', '1', '11');
INSERT INTO `role_resource` VALUES ('671', '1', '12');
INSERT INTO `role_resource` VALUES ('677', '1', '13');
INSERT INTO `role_resource` VALUES ('682', '1', '14');
INSERT INTO `role_resource` VALUES ('667', '1', '111');
INSERT INTO `role_resource` VALUES ('668', '1', '112');
INSERT INTO `role_resource` VALUES ('669', '1', '113');
INSERT INTO `role_resource` VALUES ('670', '1', '114');
INSERT INTO `role_resource` VALUES ('672', '1', '121');
INSERT INTO `role_resource` VALUES ('673', '1', '122');
INSERT INTO `role_resource` VALUES ('674', '1', '123');
INSERT INTO `role_resource` VALUES ('675', '1', '124');
INSERT INTO `role_resource` VALUES ('676', '1', '125');
INSERT INTO `role_resource` VALUES ('678', '1', '131');
INSERT INTO `role_resource` VALUES ('679', '1', '132');
INSERT INTO `role_resource` VALUES ('680', '1', '133');
INSERT INTO `role_resource` VALUES ('681', '1', '134');
INSERT INTO `role_resource` VALUES ('683', '1', '141');
INSERT INTO `role_resource` VALUES ('684', '1', '142');
INSERT INTO `role_resource` VALUES ('685', '1', '143');
INSERT INTO `role_resource` VALUES ('686', '1', '144');
INSERT INTO `role_resource` VALUES ('697', '1', '221');
INSERT INTO `role_resource` VALUES ('694', '1', '222');
INSERT INTO `role_resource` VALUES ('695', '1', '223');
INSERT INTO `role_resource` VALUES ('696', '1', '224');
INSERT INTO `role_resource` VALUES ('698', '1', '227');
INSERT INTO `role_resource` VALUES ('699', '1', '228');
INSERT INTO `role_resource` VALUES ('687', '1', '232');
INSERT INTO `role_resource` VALUES ('688', '1', '233');
INSERT INTO `role_resource` VALUES ('689', '1', '234');
INSERT INTO `role_resource` VALUES ('690', '1', '236');
INSERT INTO `role_resource` VALUES ('691', '1', '237');
INSERT INTO `role_resource` VALUES ('692', '1', '238');
INSERT INTO `role_resource` VALUES ('693', '1', '239');
INSERT INTO `role_resource` VALUES ('437', '2', '1');
INSERT INTO `role_resource` VALUES ('438', '2', '13');
INSERT INTO `role_resource` VALUES ('439', '2', '131');
INSERT INTO `role_resource` VALUES ('440', '2', '132');
INSERT INTO `role_resource` VALUES ('441', '2', '133');
INSERT INTO `role_resource` VALUES ('445', '2', '221');
INSERT INTO `role_resource` VALUES ('442', '2', '222');
INSERT INTO `role_resource` VALUES ('443', '2', '223');
INSERT INTO `role_resource` VALUES ('444', '2', '224');
INSERT INTO `role_resource` VALUES ('446', '2', '227');
INSERT INTO `role_resource` VALUES ('447', '2', '228');
INSERT INTO `role_resource` VALUES ('158', '3', '1');
INSERT INTO `role_resource` VALUES ('159', '3', '11');
INSERT INTO `role_resource` VALUES ('164', '3', '12');
INSERT INTO `role_resource` VALUES ('170', '3', '13');
INSERT INTO `role_resource` VALUES ('175', '3', '14');
INSERT INTO `role_resource` VALUES ('160', '3', '111');
INSERT INTO `role_resource` VALUES ('161', '3', '112');
INSERT INTO `role_resource` VALUES ('162', '3', '113');
INSERT INTO `role_resource` VALUES ('163', '3', '114');
INSERT INTO `role_resource` VALUES ('165', '3', '121');
INSERT INTO `role_resource` VALUES ('166', '3', '122');
INSERT INTO `role_resource` VALUES ('167', '3', '123');
INSERT INTO `role_resource` VALUES ('168', '3', '124');
INSERT INTO `role_resource` VALUES ('169', '3', '125');
INSERT INTO `role_resource` VALUES ('171', '3', '131');
INSERT INTO `role_resource` VALUES ('172', '3', '132');
INSERT INTO `role_resource` VALUES ('173', '3', '133');
INSERT INTO `role_resource` VALUES ('174', '3', '134');
INSERT INTO `role_resource` VALUES ('176', '3', '141');
INSERT INTO `role_resource` VALUES ('177', '3', '142');
INSERT INTO `role_resource` VALUES ('178', '3', '143');
INSERT INTO `role_resource` VALUES ('179', '3', '144');
INSERT INTO `role_resource` VALUES ('359', '7', '1');
INSERT INTO `role_resource` VALUES ('360', '7', '14');
INSERT INTO `role_resource` VALUES ('361', '7', '141');
INSERT INTO `role_resource` VALUES ('362', '7', '142');
INSERT INTO `role_resource` VALUES ('363', '7', '143');
INSERT INTO `role_resource` VALUES ('367', '7', '221');
INSERT INTO `role_resource` VALUES ('364', '7', '222');
INSERT INTO `role_resource` VALUES ('365', '7', '223');
INSERT INTO `role_resource` VALUES ('366', '7', '224');
INSERT INTO `role_resource` VALUES ('368', '7', '226');
INSERT INTO `role_resource` VALUES ('700', '8', '236');
INSERT INTO `role_resource` VALUES ('701', '8', '237');
INSERT INTO `role_resource` VALUES ('702', '8', '238');
INSERT INTO `role_resource` VALUES ('703', '8', '239');

-- ----------------------------
-- Table structure for sys_log
-- ----------------------------
DROP TABLE IF EXISTS `sys_log`;
CREATE TABLE `sys_log` (
  `id` bigint(20) NOT NULL AUTO_INCREMENT COMMENT '主键id',
  `login_name` varchar(255) DEFAULT NULL COMMENT '登陆名',
  `role_name` varchar(255) DEFAULT NULL COMMENT '角色名',
  `opt_content` varchar(1024) DEFAULT NULL COMMENT '内容',
  `client_ip` varchar(255) DEFAULT NULL COMMENT '客户端ip',
  `create_time` datetime NOT NULL COMMENT '创建时间',
  PRIMARY KEY (`id`)
) ENGINE=InnoDB AUTO_INCREMENT=115 DEFAULT CHARSET=utf8 COMMENT='系统日志';

-- ----------------------------
-- Records of sys_log
-- ----------------------------
INSERT INTO `sys_log` VALUES ('1', 'admin', 'admin', '[类名]:com.wangzhixuan.controller.ResourceController,[方法]:addPage,[参数]:', null, '2018-10-23 17:22:33');
INSERT INTO `sys_log` VALUES ('2', 'admin', 'admin', '[类名]:com.wangzhixuan.controller.ResourceController,[方法]:add,[参数]:name=导入&resourceType=0&url=/importtwo/index&openMode=ajax&icon=&seq=0&status=0&opened=1&pid=1&', '0:0:0:0:0:0:0:1', '2018-10-23 17:23:09');
INSERT INTO `sys_log` VALUES ('3', 'admin', 'admin', '[类名]:com.wangzhixuan.controller.RoleController,[方法]:grantPage,[参数]:id=1&_=1540286540536&', '0:0:0:0:0:0:0:1', '2018-10-23 17:23:13');
INSERT INTO `sys_log` VALUES ('4', 'admin', 'admin', '[类名]:com.wangzhixuan.controller.RoleController,[方法]:grant,[参数]:id=1&resourceIds=1,232,11,111,112,113,114,12,121,122,123,124,125,13,131,132,133,134,14,141,142,143,144,222,223,224,221,227,228&', '0:0:0:0:0:0:0:1', '2018-10-23 17:23:20');
INSERT INTO `sys_log` VALUES ('5', 'admin', 'admin', '[类名]:com.wangzhixuan.controller.LoginController,[方法]:logout,[参数]:', null, '2018-10-23 17:23:22');
INSERT INTO `sys_log` VALUES ('6', 'admin', 'admin', '[类名]:com.wangzhixuan.controller.ResourceController,[方法]:addPage,[参数]:', null, '2018-10-26 11:22:49');
INSERT INTO `sys_log` VALUES ('7', 'admin', 'admin', '[类名]:com.wangzhixuan.controller.ResourceController,[方法]:add,[参数]:name=表信息管理&resourceType=0&url=/deltable/index&openMode=ajax&icon=&seq=0&status=0&opened=1&pid=1&', '0:0:0:0:0:0:0:1', '2018-10-26 11:23:28');
INSERT INTO `sys_log` VALUES ('8', 'admin', 'admin', '[类名]:com.wangzhixuan.controller.RoleController,[方法]:grantPage,[参数]:id=1&_=1540519499935&', '0:0:0:0:0:0:0:1', '2018-10-26 11:24:02');
INSERT INTO `sys_log` VALUES ('9', 'admin', 'admin', '[类名]:com.wangzhixuan.controller.RoleController,[方法]:grant,[参数]:id=1&resourceIds=1,232,233,11,111,112,113,114,12,121,122,123,124,125,13,131,132,133,134,14,141,142,143,144,222,223,224,221,227,228&', '0:0:0:0:0:0:0:1', '2018-10-26 11:24:05');
INSERT INTO `sys_log` VALUES ('10', 'admin', 'admin', '[类名]:com.wangzhixuan.controller.LoginController,[方法]:logout,[参数]:', null, '2018-10-26 11:24:07');
INSERT INTO `sys_log` VALUES ('11', 'admin', 'admin', '[类名]:com.wangzhixuan.controller.ResourceController,[方法]:addPage,[参数]:', null, '2018-10-26 14:51:06');
INSERT INTO `sys_log` VALUES ('12', 'admin', 'admin', '[类名]:com.wangzhixuan.controller.ResourceController,[方法]:add,[参数]:name=对比&resourceType=0&url=/dbexport/index&openMode=ajax&icon=&seq=0&status=0&opened=1&pid=1&', '0:0:0:0:0:0:0:1', '2018-10-26 14:51:21');
INSERT INTO `sys_log` VALUES ('13', 'admin', 'admin', '[类名]:com.wangzhixuan.controller.RoleController,[方法]:grantPage,[参数]:id=1&_=1540536643512&', '0:0:0:0:0:0:0:1', '2018-10-26 14:51:25');
INSERT INTO `sys_log` VALUES ('14', 'admin', 'admin', '[类名]:com.wangzhixuan.controller.RoleController,[方法]:grant,[参数]:id=1&resourceIds=1,232,233,234,11,111,112,113,114,12,121,122,123,124,125,13,131,132,133,134,14,141,142,143,144,222,223,224,221,227,228&', '0:0:0:0:0:0:0:1', '2018-10-26 14:51:26');
INSERT INTO `sys_log` VALUES ('15', 'admin', 'admin', '[类名]:com.wangzhixuan.controller.LoginController,[方法]:logout,[参数]:', null, '2018-10-26 14:51:28');
INSERT INTO `sys_log` VALUES ('16', 'admin', 'admin', '[类名]:com.wangzhixuan.controller.ResourceController,[方法]:editPage,[参数]:id=232&_=1540536694129&', '0:0:0:0:0:0:0:1', '2018-10-26 15:52:50');
INSERT INTO `sys_log` VALUES ('17', 'admin', 'admin', '[类名]:com.wangzhixuan.controller.ResourceController,[方法]:edit,[参数]:id=232&name=导入表一A&resourceType=0&url=/importtwo/indexonea&openMode=&icon=&seq=0&status=0&opened=1&pid=1&', '0:0:0:0:0:0:0:1', '2018-10-26 15:53:03');
INSERT INTO `sys_log` VALUES ('18', 'admin', 'admin', '[类名]:com.wangzhixuan.controller.ResourceController,[方法]:addPage,[参数]:', null, '2018-10-26 15:53:08');
INSERT INTO `sys_log` VALUES ('19', 'admin', 'admin', '[类名]:com.wangzhixuan.controller.ResourceController,[方法]:add,[参数]:name=导入表一B&resourceType=0&url=/importtwo/indexoneb&openMode=ajax&icon=&seq=0&status=0&opened=1&pid=1&', '0:0:0:0:0:0:0:1', '2018-10-26 15:53:35');
INSERT INTO `sys_log` VALUES ('20', 'admin', 'admin', '[类名]:com.wangzhixuan.controller.ResourceController,[方法]:addPage,[参数]:', null, '2018-10-26 15:53:37');
INSERT INTO `sys_log` VALUES ('21', 'admin', 'admin', '[类名]:com.wangzhixuan.controller.ResourceController,[方法]:add,[参数]:name=导入表二A&resourceType=0&url=/importtwo/indextwoa&openMode=ajax&icon=&seq=0&status=0&opened=1&pid=1&', '0:0:0:0:0:0:0:1', '2018-10-26 15:54:04');
INSERT INTO `sys_log` VALUES ('22', 'admin', 'admin', '[类名]:com.wangzhixuan.controller.ResourceController,[方法]:addPage,[参数]:', null, '2018-10-26 15:54:08');
INSERT INTO `sys_log` VALUES ('23', 'admin', 'admin', '[类名]:com.wangzhixuan.controller.ResourceController,[方法]:add,[参数]:name=导入表二B&resourceType=0&url=/importtwo/indextwob&openMode=ajax&icon=&seq=0&status=0&opened=1&pid=1&', '0:0:0:0:0:0:0:1', '2018-10-26 15:54:27');
INSERT INTO `sys_log` VALUES ('24', 'admin', 'admin', '[类名]:com.wangzhixuan.controller.RoleController,[方法]:grantPage,[参数]:id=1&_=1540536694134&', '0:0:0:0:0:0:0:1', '2018-10-26 15:54:33');
INSERT INTO `sys_log` VALUES ('25', 'admin', 'admin', '[类名]:com.wangzhixuan.controller.RoleController,[方法]:grant,[参数]:id=1&resourceIds=1,232,233,234,235,236,237,11,111,112,113,114,12,121,122,123,124,125,13,131,132,133,134,14,141,142,143,144,222,223,224,221,227,228&', '0:0:0:0:0:0:0:1', '2018-10-26 15:54:37');
INSERT INTO `sys_log` VALUES ('26', 'admin', 'admin', '[类名]:com.wangzhixuan.controller.LoginController,[方法]:logout,[参数]:', null, '2018-10-26 15:54:41');
INSERT INTO `sys_log` VALUES ('27', 'admin', 'admin', '[类名]:com.wangzhixuan.controller.ResourceController,[方法]:editPage,[参数]:id=232&_=1540540533835&', '0:0:0:0:0:0:0:1', '2018-10-26 15:56:25');
INSERT INTO `sys_log` VALUES ('28', 'admin', 'admin', '[类名]:com.wangzhixuan.controller.ResourceController,[方法]:edit,[参数]:id=232&name=导入表一A&resourceType=0&url=/importtwo/indexonea&openMode=ajax&icon=&seq=0&status=0&opened=1&pid=1&', '0:0:0:0:0:0:0:1', '2018-10-26 15:56:32');
INSERT INTO `sys_log` VALUES ('29', 'admin', 'admin', '[类名]:com.wangzhixuan.controller.ResourceController,[方法]:editPage,[参数]:id=232&_=1540540533837&', '0:0:0:0:0:0:0:1', '2018-10-26 15:56:47');
INSERT INTO `sys_log` VALUES ('30', 'admin', 'admin', '[类名]:com.wangzhixuan.controller.ResourceController,[方法]:editPage,[参数]:id=233&_=1540540533838&', '0:0:0:0:0:0:0:1', '2018-10-26 15:56:56');
INSERT INTO `sys_log` VALUES ('31', 'admin', 'admin', '[类名]:com.wangzhixuan.controller.ResourceController,[方法]:editPage,[参数]:id=232&_=1540540533839&', '0:0:0:0:0:0:0:1', '2018-10-26 15:57:04');
INSERT INTO `sys_log` VALUES ('32', 'admin', 'admin', '[类名]:com.wangzhixuan.controller.ResourceController,[方法]:delete,[参数]:id=235&', '0:0:0:0:0:0:0:1', '2018-10-26 17:54:26');
INSERT INTO `sys_log` VALUES ('33', 'admin', 'admin', '[类名]:com.wangzhixuan.controller.ResourceController,[方法]:delete,[参数]:id=236&', '0:0:0:0:0:0:0:1', '2018-10-26 17:54:42');
INSERT INTO `sys_log` VALUES ('34', 'admin', 'admin', '[类名]:com.wangzhixuan.controller.ResourceController,[方法]:delete,[参数]:id=237&', '0:0:0:0:0:0:0:1', '2018-10-26 17:54:49');
INSERT INTO `sys_log` VALUES ('35', 'admin', 'admin', '[类名]:com.wangzhixuan.controller.UserController,[方法]:editPage,[参数]:id=15&_=1540604130669&', '0:0:0:0:0:0:0:1', '2018-10-27 09:35:43');
INSERT INTO `sys_log` VALUES ('36', 'admin', 'admin', '[类名]:com.wangzhixuan.controller.UserController,[方法]:editPage,[参数]:id=15&_=1540604130670&', '0:0:0:0:0:0:0:1', '2018-10-27 09:35:49');
INSERT INTO `sys_log` VALUES ('37', 'admin', 'admin', '[类名]:com.wangzhixuan.controller.RoleController,[方法]:grantPage,[参数]:id=8&_=1540604130672&', '0:0:0:0:0:0:0:1', '2018-10-27 09:35:57');
INSERT INTO `sys_log` VALUES ('38', 'admin', 'admin', '[类名]:com.wangzhixuan.controller.RoleController,[方法]:grant,[参数]:id=8&resourceIds=232,233,234&', '0:0:0:0:0:0:0:1', '2018-10-27 09:36:14');
INSERT INTO `sys_log` VALUES ('39', 'admin', 'admin', '[类名]:com.wangzhixuan.controller.ResourceController,[方法]:editPage,[参数]:id=232&_=1540604130673&', '0:0:0:0:0:0:0:1', '2018-10-27 09:36:22');
INSERT INTO `sys_log` VALUES ('40', 'admin', 'admin', '[类名]:com.wangzhixuan.controller.ResourceController,[方法]:edit,[参数]:id=232&name=导入表&resourceType=0&url=/importtwo/indexonea&openMode=ajax&icon=&seq=0&status=0&opened=1&pid=1&', '0:0:0:0:0:0:0:1', '2018-10-27 09:36:27');
INSERT INTO `sys_log` VALUES ('41', 'admin', 'admin', '[类名]:com.wangzhixuan.controller.LoginController,[方法]:logout,[参数]:', null, '2018-10-27 09:37:26');
INSERT INTO `sys_log` VALUES ('42', 'test', 'test', '[类名]:com.wangzhixuan.controller.LoginController,[方法]:logout,[参数]:', null, '2018-10-27 09:37:52');
INSERT INTO `sys_log` VALUES ('43', 'admin', 'admin', '[类名]:com.wangzhixuan.controller.RoleController,[方法]:editPage,[参数]:id=8&_=1540604277858&', '0:0:0:0:0:0:0:1', '2018-10-27 09:38:05');
INSERT INTO `sys_log` VALUES ('44', 'admin', 'admin', '[类名]:com.wangzhixuan.controller.RoleController,[方法]:grantPage,[参数]:id=8&_=1540604277859&', '0:0:0:0:0:0:0:1', '2018-10-27 09:38:07');
INSERT INTO `sys_log` VALUES ('45', 'admin', 'admin', '[类名]:com.wangzhixuan.controller.RoleController,[方法]:grant,[参数]:id=8&resourceIds=1,232,233,234&', '0:0:0:0:0:0:0:1', '2018-10-27 09:38:09');
INSERT INTO `sys_log` VALUES ('46', 'admin', 'admin', '[类名]:com.wangzhixuan.controller.LoginController,[方法]:logout,[参数]:', null, '2018-10-27 09:38:12');
INSERT INTO `sys_log` VALUES ('47', 'test', 'test', '[类名]:com.wangzhixuan.controller.LoginController,[方法]:logout,[参数]:', null, '2018-10-27 09:38:30');
INSERT INTO `sys_log` VALUES ('48', 'admin', 'admin', '[类名]:com.wangzhixuan.controller.ResourceController,[方法]:addPage,[参数]:', null, '2018-10-27 09:38:42');
INSERT INTO `sys_log` VALUES ('49', 'admin', 'admin', '[类名]:com.wangzhixuan.controller.ResourceController,[方法]:add,[参数]:name=数据清洗功能&resourceType=0&url=&openMode=ajax&icon=&seq=0&status=0&opened=1&pid=&', '0:0:0:0:0:0:0:1', '2018-10-27 09:39:38');
INSERT INTO `sys_log` VALUES ('50', 'admin', 'admin', '[类名]:com.wangzhixuan.controller.ResourceController,[方法]:editPage,[参数]:id=222&_=1540604316868&', '0:0:0:0:0:0:0:1', '2018-10-27 09:39:49');
INSERT INTO `sys_log` VALUES ('51', 'admin', 'admin', '[类名]:com.wangzhixuan.controller.ResourceController,[方法]:editPage,[参数]:id=235&_=1540604316869&', '0:0:0:0:0:0:0:1', '2018-10-27 09:39:54');
INSERT INTO `sys_log` VALUES ('52', 'admin', 'admin', '[类名]:com.wangzhixuan.controller.ResourceController,[方法]:edit,[参数]:id=235&name=数据清洗功能&resourceType=0&url=&openMode=&icon=fi-folder&seq=0&status=0&opened=1&pid=&', '0:0:0:0:0:0:0:1', '2018-10-27 09:39:57');
INSERT INTO `sys_log` VALUES ('53', 'admin', 'admin', '[类名]:com.wangzhixuan.controller.ResourceController,[方法]:editPage,[参数]:id=232&_=1540604316870&', '0:0:0:0:0:0:0:1', '2018-10-27 09:40:04');
INSERT INTO `sys_log` VALUES ('54', 'admin', 'admin', '[类名]:com.wangzhixuan.controller.ResourceController,[方法]:edit,[参数]:id=232&name=导入表&resourceType=0&url=/importtwo/indexonea&openMode=ajax&icon=&seq=0&status=0&opened=1&pid=235&', '0:0:0:0:0:0:0:1', '2018-10-27 09:40:09');
INSERT INTO `sys_log` VALUES ('55', 'admin', 'admin', '[类名]:com.wangzhixuan.controller.ResourceController,[方法]:editPage,[参数]:id=233&_=1540604316871&', '0:0:0:0:0:0:0:1', '2018-10-27 09:40:12');
INSERT INTO `sys_log` VALUES ('56', 'admin', 'admin', '[类名]:com.wangzhixuan.controller.ResourceController,[方法]:edit,[参数]:id=233&name=表信息管理&resourceType=0&url=/deltable/index&openMode=&icon=&seq=0&status=0&opened=1&pid=235&', '0:0:0:0:0:0:0:1', '2018-10-27 09:40:17');
INSERT INTO `sys_log` VALUES ('57', 'admin', 'admin', '[类名]:com.wangzhixuan.controller.ResourceController,[方法]:editPage,[参数]:id=234&_=1540604316872&', '0:0:0:0:0:0:0:1', '2018-10-27 09:40:20');
INSERT INTO `sys_log` VALUES ('58', 'admin', 'admin', '[类名]:com.wangzhixuan.controller.ResourceController,[方法]:edit,[参数]:id=234&name=对比&resourceType=0&url=/dbexport/index&openMode=&icon=&seq=0&status=0&opened=1&pid=235&', '0:0:0:0:0:0:0:1', '2018-10-27 09:40:26');
INSERT INTO `sys_log` VALUES ('59', 'admin', 'admin', '[类名]:com.wangzhixuan.controller.ResourceController,[方法]:editPage,[参数]:id=228&_=1540604316873&', '0:0:0:0:0:0:0:1', '2018-10-27 09:40:44');
INSERT INTO `sys_log` VALUES ('60', 'admin', 'admin', '[类名]:com.wangzhixuan.controller.ResourceController,[方法]:editPage,[参数]:id=232&_=1540604316874&', '0:0:0:0:0:0:0:1', '2018-10-27 09:40:49');
INSERT INTO `sys_log` VALUES ('61', 'admin', 'admin', '[类名]:com.wangzhixuan.controller.ResourceController,[方法]:edit,[参数]:id=232&name=导入表&resourceType=0&url=/importtwo/indexonea&openMode=ajax&icon=fi-monitor&seq=0&status=0&opened=1&pid=235&', '0:0:0:0:0:0:0:1', '2018-10-27 09:40:51');
INSERT INTO `sys_log` VALUES ('62', 'admin', 'admin', '[类名]:com.wangzhixuan.controller.ResourceController,[方法]:editPage,[参数]:id=233&_=1540604316875&', '0:0:0:0:0:0:0:1', '2018-10-27 09:40:54');
INSERT INTO `sys_log` VALUES ('63', 'admin', 'admin', '[类名]:com.wangzhixuan.controller.ResourceController,[方法]:edit,[参数]:id=233&name=表信息管理&resourceType=0&url=/deltable/index&openMode=&icon=fi-monitor&seq=0&status=0&opened=1&pid=235&', '0:0:0:0:0:0:0:1', '2018-10-27 09:40:57');
INSERT INTO `sys_log` VALUES ('64', 'admin', 'admin', '[类名]:com.wangzhixuan.controller.ResourceController,[方法]:editPage,[参数]:id=234&_=1540604316876&', '0:0:0:0:0:0:0:1', '2018-10-27 09:40:59');
INSERT INTO `sys_log` VALUES ('65', 'admin', 'admin', '[类名]:com.wangzhixuan.controller.ResourceController,[方法]:edit,[参数]:id=234&name=对比&resourceType=0&url=/dbexport/index&openMode=&icon=fi-monitor&seq=0&status=0&opened=1&pid=235&', '0:0:0:0:0:0:0:1', '2018-10-27 09:41:01');
INSERT INTO `sys_log` VALUES ('66', 'admin', 'admin', '[类名]:com.wangzhixuan.controller.RoleController,[方法]:editPage,[参数]:id=8&_=1540604316878&', '0:0:0:0:0:0:0:1', '2018-10-27 09:41:08');
INSERT INTO `sys_log` VALUES ('67', 'admin', 'admin', '[类名]:com.wangzhixuan.controller.RoleController,[方法]:grantPage,[参数]:id=8&_=1540604316879&', '0:0:0:0:0:0:0:1', '2018-10-27 09:41:10');
INSERT INTO `sys_log` VALUES ('68', 'admin', 'admin', '[类名]:com.wangzhixuan.controller.RoleController,[方法]:grant,[参数]:id=8&resourceIds=235,232,233,234&', '0:0:0:0:0:0:0:1', '2018-10-27 09:41:17');
INSERT INTO `sys_log` VALUES ('69', 'admin', 'admin', '[类名]:com.wangzhixuan.controller.LoginController,[方法]:logout,[参数]:', null, '2018-10-27 09:41:19');
INSERT INTO `sys_log` VALUES ('70', 'test', 'test', '[类名]:com.wangzhixuan.controller.LoginController,[方法]:login,[参数]:', null, '2018-10-27 10:24:52');
INSERT INTO `sys_log` VALUES ('71', 'test', 'test', '[类名]:com.wangzhixuan.controller.LoginController,[方法]:loginPost,[参数]:_csrf=7307bc69-bf25-4945-bea0-87c0315abba9&username=test&password=test&captcha=96w3&rememberMe=1&', '0:0:0:0:0:0:0:1', '2018-10-27 10:25:03');
INSERT INTO `sys_log` VALUES ('72', 'test', 'test', '[类名]:com.wangzhixuan.controller.LoginController,[方法]:loginPost,[参数]:_csrf=7307bc69-bf25-4945-bea0-87c0315abba9&username=test&password=test&captcha=yacb&rememberMe=1&', '0:0:0:0:0:0:0:1', '2018-10-27 10:25:08');
INSERT INTO `sys_log` VALUES ('73', 'admin', 'admin', '[类名]:com.wangzhixuan.controller.LoginController,[方法]:logout,[参数]:', null, '2018-10-30 17:24:43');
INSERT INTO `sys_log` VALUES ('74', 'test', 'test', '[类名]:com.wangzhixuan.controller.LoginController,[方法]:logout,[参数]:', null, '2018-11-07 16:36:00');
INSERT INTO `sys_log` VALUES ('75', 'admin', 'admin', '[类名]:com.wangzhixuan.controller.ResourceController,[方法]:addPage,[参数]:', null, '2018-11-07 16:36:28');
INSERT INTO `sys_log` VALUES ('76', 'admin', 'admin', '[类名]:com.wangzhixuan.controller.ResourceController,[方法]:add,[参数]:name=数据清洗细功能&resourceType=0&url=&openMode=ajax&icon=&seq=0&status=0&opened=0&pid=&', '0:0:0:0:0:0:0:1', '2018-11-07 16:36:52');
INSERT INTO `sys_log` VALUES ('77', 'admin', 'admin', '[类名]:com.wangzhixuan.controller.ResourceController,[方法]:addPage,[参数]:', null, '2018-11-07 16:36:54');
INSERT INTO `sys_log` VALUES ('78', 'admin', 'admin', '[类名]:com.wangzhixuan.controller.ResourceController,[方法]:editPage,[参数]:id=235&_=1541579765641&', '0:0:0:0:0:0:0:1', '2018-11-07 16:37:36');
INSERT INTO `sys_log` VALUES ('79', 'admin', 'admin', '[类名]:com.wangzhixuan.controller.ResourceController,[方法]:editPage,[参数]:id=236&_=1541579765642&', '0:0:0:0:0:0:0:1', '2018-11-07 16:37:41');
INSERT INTO `sys_log` VALUES ('80', 'admin', 'admin', '[类名]:com.wangzhixuan.controller.ResourceController,[方法]:edit,[参数]:id=236&name=数据清洗细功能&resourceType=0&url=&openMode=&icon=&seq=0&status=0&opened=1&pid=&', '0:0:0:0:0:0:0:1', '2018-11-07 16:37:45');
INSERT INTO `sys_log` VALUES ('81', 'admin', 'admin', '[类名]:com.wangzhixuan.controller.ResourceController,[方法]:addPage,[参数]:', null, '2018-11-07 16:37:48');
INSERT INTO `sys_log` VALUES ('82', 'admin', 'admin', '[类名]:com.wangzhixuan.controller.ResourceController,[方法]:add,[参数]:name=导入表&resourceType=0&url=&openMode=ajax&icon=&seq=0&status=0&opened=1&pid=236&', '0:0:0:0:0:0:0:1', '2018-11-07 16:38:03');
INSERT INTO `sys_log` VALUES ('83', 'admin', 'admin', '[类名]:com.wangzhixuan.controller.ResourceController,[方法]:editPage,[参数]:id=237&_=1541579765644&', '0:0:0:0:0:0:0:1', '2018-11-07 16:38:17');
INSERT INTO `sys_log` VALUES ('84', 'admin', 'admin', '[类名]:com.wangzhixuan.controller.ResourceController,[方法]:edit,[参数]:id=237&name=导入表&resourceType=0&url=/importtwoclean/indexonea&openMode=&icon=&seq=0&status=0&opened=1&pid=236&', '0:0:0:0:0:0:0:1', '2018-11-07 17:15:34');
INSERT INTO `sys_log` VALUES ('85', 'admin', 'admin', '[类名]:com.wangzhixuan.controller.LoginController,[方法]:logout,[参数]:', null, '2018-11-09 16:43:41');
INSERT INTO `sys_log` VALUES ('86', 'test', 'test', '[类名]:com.wangzhixuan.controller.LoginController,[方法]:logout,[参数]:', null, '2018-11-09 16:44:00');
INSERT INTO `sys_log` VALUES ('87', 'admin', 'admin', '[类名]:com.wangzhixuan.controller.ResourceController,[方法]:addPage,[参数]:', null, '2018-11-12 14:57:18');
INSERT INTO `sys_log` VALUES ('88', 'admin', 'admin', '[类名]:com.wangzhixuan.controller.ResourceController,[方法]:add,[参数]:name=数据清洗功能&resourceType=0&url=/dbexportclean/index&openMode=ajax&icon=&seq=0&status=0&opened=1&pid=236&', '0:0:0:0:0:0:0:1', '2018-11-12 15:20:18');
INSERT INTO `sys_log` VALUES ('89', 'admin', 'admin', '[类名]:com.wangzhixuan.controller.RoleController,[方法]:grantPage,[参数]:id=1&_=1542003619173&', '0:0:0:0:0:0:0:1', '2018-11-12 15:20:24');
INSERT INTO `sys_log` VALUES ('90', 'admin', 'admin', '[类名]:com.wangzhixuan.controller.RoleController,[方法]:grantPage,[参数]:id=8&_=1542003619174&', '0:0:0:0:0:0:0:1', '2018-11-12 15:20:31');
INSERT INTO `sys_log` VALUES ('91', 'admin', 'admin', '[类名]:com.wangzhixuan.controller.RoleController,[方法]:grantPage,[参数]:id=1&_=1542003619175&', '0:0:0:0:0:0:0:1', '2018-11-12 15:20:37');
INSERT INTO `sys_log` VALUES ('92', 'admin', 'admin', '[类名]:com.wangzhixuan.controller.RoleController,[方法]:grant,[参数]:id=1&resourceIds=1,11,111,112,113,114,12,121,122,123,124,125,13,131,132,133,134,14,141,142,143,144,232,233,234,236,237,238,222,223,224,221,227,228&', '0:0:0:0:0:0:0:1', '2018-11-12 15:20:45');
INSERT INTO `sys_log` VALUES ('93', 'admin', 'admin', '[类名]:com.wangzhixuan.controller.LoginController,[方法]:logout,[参数]:', null, '2018-11-12 15:21:34');
INSERT INTO `sys_log` VALUES ('94', 'admin', 'admin', '[类名]:com.wangzhixuan.controller.LoginController,[方法]:logout,[参数]:', null, '2018-11-12 16:12:38');
INSERT INTO `sys_log` VALUES ('95', 'test', 'test', '[类名]:com.wangzhixuan.controller.LoginController,[方法]:logout,[参数]:', null, '2018-11-12 16:12:47');
INSERT INTO `sys_log` VALUES ('96', 'admin', 'admin', '[类名]:com.wangzhixuan.controller.RoleController,[方法]:grantPage,[参数]:id=8&_=1542010372143&', '0:0:0:0:0:0:0:1', '2018-11-12 16:12:57');
INSERT INTO `sys_log` VALUES ('97', 'admin', 'admin', '[类名]:com.wangzhixuan.controller.RoleController,[方法]:grant,[参数]:id=8&resourceIds=235,232,233,234,236,237,238&', '0:0:0:0:0:0:0:1', '2018-11-12 16:13:02');
INSERT INTO `sys_log` VALUES ('98', 'admin', 'admin', '[类名]:com.wangzhixuan.controller.LoginController,[方法]:logout,[参数]:', null, '2018-11-12 16:13:04');
INSERT INTO `sys_log` VALUES ('99', 'test', 'test', '[类名]:com.wangzhixuan.controller.LoginController,[方法]:logout,[参数]:', null, '2018-11-12 17:12:30');
INSERT INTO `sys_log` VALUES ('100', 'admin', 'admin', '[类名]:com.wangzhixuan.controller.ResourceController,[方法]:addPage,[参数]:', null, '2018-11-12 17:12:40');
INSERT INTO `sys_log` VALUES ('101', 'admin', 'admin', '[类名]:com.wangzhixuan.controller.ResourceController,[方法]:add,[参数]:name=清空数据源数据&resourceType=0&url=/deltable/indexclean&openMode=ajax&icon=&seq=0&status=0&opened=1&pid=236&', '0:0:0:0:0:0:0:1', '2018-11-12 17:13:20');
INSERT INTO `sys_log` VALUES ('102', 'admin', 'admin', '[类名]:com.wangzhixuan.controller.RoleController,[方法]:grantPage,[参数]:id=8&_=1542013956748&', '0:0:0:0:0:0:0:1', '2018-11-12 17:13:23');
INSERT INTO `sys_log` VALUES ('103', 'admin', 'admin', '[类名]:com.wangzhixuan.controller.RoleController,[方法]:grant,[参数]:id=8&resourceIds=235,232,233,234,236,237,238,239&', '0:0:0:0:0:0:0:1', '2018-11-12 17:13:27');
INSERT INTO `sys_log` VALUES ('104', 'admin', 'admin', '[类名]:com.wangzhixuan.controller.RoleController,[方法]:grantPage,[参数]:id=1&_=1542013956749&', '0:0:0:0:0:0:0:1', '2018-11-12 17:13:28');
INSERT INTO `sys_log` VALUES ('105', 'admin', 'admin', '[类名]:com.wangzhixuan.controller.RoleController,[方法]:grant,[参数]:id=1&resourceIds=1,11,111,112,113,114,12,121,122,123,124,125,13,131,132,133,134,14,141,142,143,144,232,233,234,236,237,238,239,222,223,224,221,227,228&', '0:0:0:0:0:0:0:1', '2018-11-12 17:13:32');
INSERT INTO `sys_log` VALUES ('106', 'admin', 'admin', '[类名]:com.wangzhixuan.controller.LoginController,[方法]:logout,[参数]:', null, '2018-11-12 17:13:33');
INSERT INTO `sys_log` VALUES ('107', 'admin', 'admin', '[类名]:com.wangzhixuan.controller.LoginController,[方法]:logout,[参数]:', null, '2018-11-12 17:13:41');
INSERT INTO `sys_log` VALUES ('108', 'admin', 'admin', '[类名]:com.wangzhixuan.controller.LoginController,[方法]:logout,[参数]:', null, '2018-12-04 15:01:18');
INSERT INTO `sys_log` VALUES ('109', 'test', 'test', '[类名]:com.wangzhixuan.controller.LoginController,[方法]:logout,[参数]:', null, '2018-12-07 14:40:00');
INSERT INTO `sys_log` VALUES ('110', 'admin', 'admin', '[类名]:com.wangzhixuan.controller.LoginController,[方法]:logout,[参数]:', null, '2018-12-14 10:55:55');
INSERT INTO `sys_log` VALUES ('111', 'test', 'test', '[类名]:com.wangzhixuan.controller.LoginController,[方法]:logout,[参数]:', null, '2018-12-17 17:43:30');
INSERT INTO `sys_log` VALUES ('112', 'admin', 'admin', '[类名]:com.wangzhixuan.controller.RoleController,[方法]:grantPage,[参数]:id=8&_=1545039851280&', '0:0:0:0:0:0:0:1', '2018-12-17 17:44:19');
INSERT INTO `sys_log` VALUES ('113', 'admin', 'admin', '[类名]:com.wangzhixuan.controller.RoleController,[方法]:grant,[参数]:id=8&resourceIds=236,237,238,239&', '0:0:0:0:0:0:0:1', '2018-12-17 17:44:28');
INSERT INTO `sys_log` VALUES ('114', 'admin', 'admin', '[类名]:com.wangzhixuan.controller.LoginController,[方法]:logout,[参数]:', null, '2018-12-17 17:44:31');

-- ----------------------------
-- Table structure for test
-- ----------------------------
DROP TABLE IF EXISTS `test`;
CREATE TABLE `test` (
  `id` int(11) NOT NULL AUTO_INCREMENT,
  `name` varchar(55) DEFAULT NULL,
  `sex` varchar(55) DEFAULT NULL,
  PRIMARY KEY (`id`),
  KEY `sex` (`sex`)
) ENGINE=InnoDB AUTO_INCREMENT=6 DEFAULT CHARSET=utf8;

-- ----------------------------
-- Records of test
-- ----------------------------
INSERT INTO `test` VALUES ('1', '张三', '0');
INSERT INTO `test` VALUES ('2', '李四', '1');
INSERT INTO `test` VALUES ('3', '王五', '2');
INSERT INTO `test` VALUES ('4', '钱六', 'mm');
INSERT INTO `test` VALUES ('5', '啊七', '2m');

-- ----------------------------
-- Table structure for user
-- ----------------------------
DROP TABLE IF EXISTS `user`;
CREATE TABLE `user` (
  `id` bigint(19) NOT NULL AUTO_INCREMENT COMMENT '主键id',
  `login_name` varchar(64) NOT NULL COMMENT '登陆名',
  `name` varchar(64) NOT NULL COMMENT '用户名',
  `password` varchar(64) NOT NULL COMMENT '密码',
  `salt` varchar(36) DEFAULT NULL COMMENT '密码加密盐',
  `sex` tinyint(2) NOT NULL DEFAULT '0' COMMENT '性别',
  `age` tinyint(2) DEFAULT '0' COMMENT '年龄',
  `phone` varchar(20) DEFAULT NULL COMMENT '手机号',
  `user_type` tinyint(2) NOT NULL DEFAULT '0' COMMENT '用户类别',
  `status` tinyint(2) NOT NULL DEFAULT '0' COMMENT '用户状态',
  `organization_id` int(11) NOT NULL DEFAULT '0' COMMENT '所属机构',
  `file_type` int(2) NOT NULL DEFAULT '0' COMMENT '0空状态，可以上传;   1已上传未导入',
  `create_time` datetime NOT NULL COMMENT '创建时间',
  PRIMARY KEY (`id`),
  UNIQUE KEY `IDx_user_login_name` (`login_name`) USING BTREE
) ENGINE=InnoDB AUTO_INCREMENT=16 DEFAULT CHARSET=utf8 COMMENT='用户';

-- ----------------------------
-- Records of user
-- ----------------------------
INSERT INTO `user` VALUES ('1', 'admin', 'admin', '05a671c66aefea124cc08b76ea6d30bb', 'test', '0', '25', '18707173376', '0', '0', '1', '1', '2015-12-06 13:14:05');
INSERT INTO `user` VALUES ('13', 'snoopy', 'snoopy', '05a671c66aefea124cc08b76ea6d30bb', 'test', '0', '25', '18707173376', '1', '0', '3', '0', '2015-10-01 13:12:07');
INSERT INTO `user` VALUES ('14', 'dreamlu', 'dreamlu', '05a671c66aefea124cc08b76ea6d30bb', 'test', '0', '25', '18707173376', '1', '0', '5', '0', '2015-10-11 23:12:58');
INSERT INTO `user` VALUES ('15', 'test', 'test', '05a671c66aefea124cc08b76ea6d30bb', 'test', '0', '25', '18707173376', '1', '0', '6', '0', '2015-12-06 13:13:03');

-- ----------------------------
-- Table structure for user_role
-- ----------------------------
DROP TABLE IF EXISTS `user_role`;
CREATE TABLE `user_role` (
  `id` bigint(19) NOT NULL AUTO_INCREMENT COMMENT '主键id',
  `user_id` bigint(19) NOT NULL COMMENT '用户id',
  `role_id` bigint(19) NOT NULL COMMENT '角色id',
  PRIMARY KEY (`id`),
  KEY `idx_user_role_ids` (`user_id`,`role_id`) USING BTREE
) ENGINE=InnoDB AUTO_INCREMENT=66 DEFAULT CHARSET=utf8 COMMENT='用户角色';

-- ----------------------------
-- Records of user_role
-- ----------------------------
INSERT INTO `user_role` VALUES ('60', '1', '1');
INSERT INTO `user_role` VALUES ('61', '1', '2');
INSERT INTO `user_role` VALUES ('62', '1', '7');
INSERT INTO `user_role` VALUES ('65', '1', '8');
INSERT INTO `user_role` VALUES ('63', '13', '2');
INSERT INTO `user_role` VALUES ('64', '14', '7');
INSERT INTO `user_role` VALUES ('53', '15', '8');
SET FOREIGN_KEY_CHECKS=1;
